,id,retweet_count,favorite_count,followers_count
0,892420643555336193,7229,34650,9008764
1,892177421306343426,5416,30032,9008764
2,891815181378084864,3576,22603,9008764
3,891689557279858688,7440,37918,9008764
4,891327558926688256,7986,36198,9008764
5,891087950875897856,2682,18257,9008764
6,890971913173991426,1724,10633,9008764
7,890729181411237888,16268,58329,9008764
8,890609185150312448,3724,25136,9008764
9,890240255349198849,6282,28657,9008764
10,890006608113172480,6325,27687,9008764
11,889880896479866881,4297,25159,9008764
12,889665388333682689,8602,43133,9008764
13,889638837579907072,3842,24257,9008764
14,889531135344209921,1936,13669,9008764
15,889278841981685760,4583,22657,9008764
16,888917238123831296,3865,26240,9008764
17,888804989199671297,3647,23018,9008764
18,888554962724278272,2964,17763,9008764
19,888078434458587136,2988,19614,9008764
20,887705289381826560,4659,27274,9008764
21,887517139158093824,10121,41728,9008764
22,887473957103951883,15471,61747,9008764
23,887343217045368832,9074,30301,9008764
24,887101392804085760,5132,27635,9008764
25,886983233522544640,6550,31183,9008764
26,886736880519319552,2725,10747,9008764
27,886680336477933568,3851,20235,9008764
28,886366144734445568,2716,19007,9008764
29,886267009285017600,3,104,9008764
30,886258384151887873,5435,25174,9008764
31,886054160059072513,96,0,9008764
32,885984800019947520,5777,29324,9008764
33,885528943205470208,5508,32375,9008764
34,885518971528720385,3205,18437,9008764
35,885311592912609280,15888,0,9008764
36,885167619883638784,3764,19699,9008764
37,884925521741709313,15502,69104,9008764
38,884876753390489601,4802,25010,9008764
39,884562892145688576,4032,21867,9008764
40,884441805382717440,4916,24444,9008764
41,884247878851493888,17464,65040,9008764
42,884162670584377345,2570,18381,9008764
43,883838122936631299,2950,19670,9008764
44,883482846933004288,8515,41236,9008764
45,883360690899218434,3171,20426,9008764
46,883117836046086144,5702,33372,9008764
47,882992080364220416,3327,21498,9008764
48,882762694511734784,4214,25409,9008764
49,882627270321602560,5219,25226,9008764
50,882268110199369728,9969,40238,9008764
51,882045870035918850,4195,26398,9008764
52,881906580714921986,2932,21967,9008764
53,881666595344535552,9220,45657,9008764
54,881633300179243008,8,113,9008764
55,881536004380872706,13796,44558,9008764
56,881268444196462592,4601,21001,9008764
57,880935762899988482,2410,15415,9008764
58,880872448815771648,3294,19192,9008764
59,880465832366813184,5362,25621,9008764
60,880221127280381952,3583,24298,9008764
61,880095782870896641,3750,24904,9008764
62,879862464715927552,3007,20212,9008764
63,879674319642796034,9,284,9008764
64,879492040517615616,2723,21216,9008764
65,879415818425184262,38539,95251,9008764
66,879376492567855104,2711,15209,9008764
67,879130579576475649,5897,0,9008764
68,879050749262655488,4062,20313,9008764
69,879008229531029506,2315,17178,9008764
70,878776093423087618,3542,17521,9008764
71,878604707211726852,6097,27081,9008764
72,878404777348136964,1101,0,9008764
73,878316110768087041,5708,0,9008764
74,878281511006478336,1101,6967,9008764
75,878057613040115712,5897,38023,9008764
76,877736472329191424,16309,71205,9008764
77,877611172832227328,70,0,9008764
78,877556246731214848,3270,20462,9008764
79,877316821321428993,4494,24779,9008764
80,877201837425926144,4793,24446,9008764
81,876838120628539392,2878,18679,9008764
82,876537666061221889,4085,21518,9008764
83,876484053909872640,2054,16977,9008764
84,876120275196170240,4028,25288,9008764
85,875747767867523072,3699,22718,9008764
86,875144289856114688,4248,19849,9008764
87,875097192612077568,5280,24840,9008764
88,875021211251597312,4096,23100,9008764
89,874680097055178752,4034,25176,9008764
90,874434818259525634,12599,0,9008764
91,874296783580663808,3594,23590,9008764
92,874057562936811520,3475,20612,9008764
93,874012996292530176,8851,30878,9008764
94,873580283840344065,3422,21962,9008764
95,873337748698140672,1371,0,9008764
96,873213775632977920,1371,6483,9008764
97,872967104147763200,4695,24661,9008764
98,872820683541237760,3245,13380,9008764
99,872620804844003328,3161,18806,9008764
100,872486979161796608,7942,36978,9008764
101,872122724285648897,7063,31012,9008764
102,871879754684805121,9524,33952,9008764
103,871762521631449091,3050,18341,9008764
104,871515927908634625,3030,18320,9008764
105,871166179821445120,5013,0,9008764
106,871102520638267392,4833,19006,9008764
107,871032628920680449,3328,20657,9008764
108,870804317367881728,5422,30551,9008764
109,870726314365509632,3,109,9008764
110,870656317836468226,2270,11154,9008764
111,870374049280663552,23416,75827,9008764
112,870308999962521604,3638,19951,9008764
113,870063196459192321,7276,33194,9008764
114,869772420881756160,8928,38857,9008764
115,869702957897576449,5528,25653,9008764
116,869596645499047938,2718,14552,9008764
117,869227993411051520,3299,18582,9008764
118,868880397819494401,12646,59463,9008764
119,868639477480148993,1808,0,9008764
120,868622495443632128,4626,24231,9008764
121,868552278524837888,1808,9211,9008764
122,867900495410671616,3682,22109,9008764
123,867774946302451713,6436,30975,9008764
124,867421006826221569,2190,14681,9008764
125,867072653475098625,106,0,9008764
126,867051520902168576,6975,29401,9008764
127,866720684873056260,4245,18259,9008764
128,866686824827068416,3049,17570,9008764
129,866450705531457537,31166,111633,9008764
130,866334964761202691,12599,47782,9008764
131,866094527597207552,7385,0,9008764
132,865718153858494464,4988,23534,9008764
133,865359393868664832,4427,24197,9008764
134,865006731092295680,6851,25661,9008764
135,864873206498414592,7708,29501,9008764
136,864279568663928832,2666,13384,9008764
137,864197398364647424,7812,27357,9008764
138,863907417377173506,3691,18919,9008764
139,863553081350529029,3742,14001,9008764
140,863471782782697472,2147,0,9008764
141,863432100342583297,4687,21861,9008764
142,863427515083354112,82,2009,9008764
143,863079547188785154,988,8074,9008764
144,863062471531167744,2147,7717,9008764
145,862831371563274240,4588,17610,9008764
146,862722525377298433,3178,15717,9008764
147,862457590147678208,4374,18732,9008764
148,862096992088072192,20610,68029,9008764
149,861383897657036800,9575,33124,9008764
150,861288531465048066,3696,15760,9008764
151,861005113778896900,3422,15372,9008764
152,860981674716409858,1906,0,9008764
153,860924035999428608,697,0,9008764
154,860563773140209665,1906,6891,9008765
155,860524505164394496,4747,21800,9008765
156,860276583193509888,3155,17007,9008765
157,860184849394610176,5254,15357,9008765
158,860177593139703809,27656,0,9008765
159,859924526012018688,3685,18093,9008765
160,859851578198683649,3165,14295,9008765
161,859607811541651456,1393,17233,9008765
162,859196978902773760,27090,82746,9008765
163,859074603037188101,12305,31188,9008765
164,858860390427611136,7311,0,9008765
165,858843525470990336,3120,14458,9008765
166,858471635011153920,4396,19990,9008765
167,858107933456039936,2607,14600,9008765
168,857989990357356544,2329,14877,9008765
169,857746408056729600,9619,31634,9008765
170,857393404942143489,1479,5448,9008765
171,857263160327368704,4086,18666,9008765
172,857214891891077121,16,207,9008765
173,857062103051644929,153,0,9008765
174,857029823797047296,3601,17487,9008765
175,856543823941562368,2621,15227,9008765
176,856526610513747968,1712,11093,9008765
177,856288084350160898,15,496,9008765
178,856282028240666624,5749,25866,9008765
179,855862651834028034,22,311,9008765
180,855860136149123072,877,4546,9008765
181,855857698524602368,1918,11098,9008765
182,855851453814013952,16571,42911,9008765
183,855818117272018944,4963,24869,9008765
184,855459453768019968,7506,27773,9008765
185,855245323840757760,5433,0,9008765
186,855138241867124737,39,0,9008765
187,854732716440526848,5546,21251,9008765
188,854482394044301312,6223,27304,9008765
189,854365224396361728,4286,17653,9008765
190,854120357044912130,6822,29947,9008765
191,854010172552949760,2894,15229,9008765
192,853760880890318849,5288,26766,9008765
193,853639147608842240,9170,32424,9008765
194,853299958564483072,3263,14527,9008765
195,852936405516943360,1836,0,9008765
196,852912242202992640,1660,8465,9008765
197,852672615818899456,1996,14021,9008765
198,852553447878664193,3218,15302,9008765
199,852311364735569921,9149,31137,9008765
200,852226086759018497,6290,18801,9008765
201,852189679701164033,1465,10817,9008765
202,851861385021730816,19,0,9008765
203,851591660324737024,3229,15348,9008765
204,851464819735769094,6518,22884,9008765
205,851224888060895234,5323,19525,9008765
206,850753642995093505,8374,28942,9008765
207,850380195714523136,2409,12387,9008765
208,850333567704068097,306,3276,9008765
209,850145622816686080,3501,15407,9008765
210,850019790995546112,4519,19279,9008765
211,849776966551130114,7038,28701,9008765
212,849668094696017920,4603,0,9008765
213,849412302885593088,2925,15031,9008765
214,849336543269576704,1742,10814,9008765
215,849051919805034497,7872,40067,9008765
216,848690551926992896,4025,23900,9008765
217,848324959059550208,4301,23449,9008765
218,848213670039564288,670,7752,9008765
219,848212111729840128,2807,15447,9008765
220,847978865427394560,3029,0,9008765
221,847971574464610304,411,0,9008765
222,847962785489326080,4737,22315,9008765
223,847842811428974592,1227,5141,9008765
224,847617282490613760,384,6636,9008765
225,847606175596138505,3185,17820,9008765
226,847251039262605312,4043,19483,9008765
227,847157206088847362,5414,18847,9008765
228,847116187444137987,2966,20380,9008765
229,846874817362120707,3658,19088,9008765
230,846514051647705089,10744,42278,9008765
231,846505985330044928,2860,13425,9008765
232,846153765933735936,8453,29935,9008765
233,846139713627017216,9442,29529,9008765
234,846042936437604353,2666,15203,9008765
235,845812042753855489,8109,27807,9008765
236,845677943972139009,4510,24017,9008765
237,845397057150107648,1665,7279,9008765
238,845306882940190720,5031,22195,9008765
239,845098359547420673,7157,0,9008765
240,844979544864018432,2382,12988,9008765
241,844973813909606400,2957,14315,9008765
242,844580511645339650,2899,15678,9008765
243,844223788422217728,2048,13046,9008765
244,843981021012017153,2781,14494,9008765
245,843856843873095681,4311,20486,9008765
246,843604394117681152,2561,16123,9008765
247,843235543001513987,5610,20516,9008765
248,842846295480000512,3423,14612,9008765
249,842765311967449089,1198,6438,9008765
250,842535590457499648,3293,17345,9008765
251,842163532590374912,5433,23358,9008765
252,842115215311396866,2848,13370,9008765
253,841833993020538882,14050,0,9008765
254,841680585030541313,7378,24668,9008765
255,841439858740625411,3428,12056,9008765
256,841320156043304961,5189,18945,9008765
257,841314665196081154,4365,15139,9008765
258,841077006473256960,5013,21890,9008765
259,840761248237133825,1658,0,9008765
260,840728873075638272,15071,0,9008765
261,840698636975636481,2,170,9008765
262,840696689258311684,911,11763,9008765
263,840632337062862849,1658,8629,9008765
264,840370681858686976,4297,15747,9008765
265,840268004936019968,5398,18418,9008765
266,839990271299457024,2133,12861,9008765
267,839549326359670784,7311,26253,9008765
268,839290600511926273,137,0,9008765
269,839239871831150596,6124,25920,9008765
270,838952994649550848,3775,18848,9008765
271,838921590096166913,1928,10680,9008765
272,838916489579200512,31,0,9008765
273,838831947270979586,10383,0,9008765
274,838561493054533637,1260,10519,9008765
275,838476387338051585,4481,21548,9008765
276,838201503651401729,9480,0,9008765
277,838150277551247360,313,1599,9008765
278,838085839343206401,1,134,9008765
279,838083903487373313,2931,16918,9008765
280,837820167694528512,7385,32680,9008765
281,837482249356513284,420,3708,9008765
282,837471256429613056,2131,12306,9008765
283,837110210464448512,2238,15449,9008765
284,836989968035819520,2176,12267,9008765
285,836753516572119041,4381,18605,9008765
286,836677758902222849,2094,12141,9008765
287,836648853927522308,521,0,9008765
288,836397794269200385,25974,0,9008765
289,836380477523124226,2829,14230,9008765
290,836260088725786625,4099,20498,9008765
291,836001077879255040,4028,18361,9008765
292,835685285446955009,7694,0,9008765
293,835574547218894849,3410,17110,9008765
294,835536468978302976,1591,0,9008765
295,835309094223372289,19801,0,9008765
296,835297930240217089,2831,15865,9008765
297,835264098648616962,1591,7427,9008765
298,835246439529840640,67,2023,9008765
299,835172783151792128,5443,25182,9008765
300,835152434251116546,2844,21519,9008765
301,834931633769889797,1529,10372,9008765
302,834786237630337024,5250,20692,9008765
303,834574053763584002,2376,13134,9008765
304,834477809192075265,10092,0,9008765
305,834458053273591808,1589,9262,9008765
306,834209720923721728,4485,19767,9008765
307,834167344700198914,3478,15238,9008765
308,834089966724603904,2029,9664,9008765
309,834086379323871233,2093,12560,9008765
310,833863086058651648,2278,12951,9008765
311,833826103416520705,3577,17493,9008765
312,833732339549220864,210,0,9008765
313,833722901757046785,3085,20160,9008765
314,833479644947025920,1940,14355,9008765
315,833124694597443584,4603,19497,9008765
316,832998151111966721,2084,12762,9008765
317,832769181346996225,38,0,9008765
318,832757312314028032,3433,16260,9008765
319,832682457690300417,2764,11449,9008765
320,832645525019123713,504,2816,9008765
321,832636094638288896,2642,15305,9008765
322,832397543355072512,2103,11539,9008765
323,832369877331693569,3029,16548,9008765
324,832273440279240704,2227,10945,9008765
325,832215909146226688,5911,0,9008765
326,832215726631055365,8861,0,9008765
327,832088576586297345,2,61,9008765
328,832040443403784192,9111,0,9008765
329,832032802820481025,4430,17213,9008765
330,831939777352105988,5838,23124,9008765
331,831926988323639298,34,325,9008765
332,831911600680497154,6179,26544,9008765
333,831670449226514432,1733,10052,9008765
334,831650051525054464,1836,6870,9008765
335,831552930092285952,2220,8673,9008765
336,831322785565769729,1486,8973,9008765
337,831315979191906304,1064,6309,9008765
338,831309418084069378,2345,11381,9008765
339,831262627380748289,1954,11470,9008765
340,830583320585068544,15888,64261,9008765
341,830173239259324417,5397,0,9008765
342,830097400375152640,2792,9407,9008765
343,829878982036299777,4764,0,9008765
344,829861396166877184,1849,11836,9008765
345,829501995190984704,10092,30652,9008765
346,829449946868879360,1917,10123,9008765
347,829141528400556032,6992,23509,9008765
348,829011960981237760,15601,51538,9008765
349,828801551087042563,3257,0,9008765
350,828770345708580865,5582,24727,9008765
351,828708714936930305,10669,35235,9008765
352,828650029636317184,1279,9197,9008765
353,828409743546925057,1108,6160,9008765
354,828408677031882754,1229,7431,9008765
355,828381636999917570,2127,12181,9008765
356,828376505180889089,1020,7146,9008765
357,828372645993398273,2792,12183,9008765
358,828361771580813312,169,2114,9008765
359,828046555563323392,2739,11342,9008765
360,828011680017821696,2057,10024,9008765
361,827933404142436356,4993,19366,9008765
362,827653905312006145,2884,14985,9008765
363,827600520311402496,894,7240,9008765
364,827324948884643840,2889,15330,9008765
365,827199976799354881,2120,10241,9008765
366,826958653328592898,4764,20859,9008765
367,826848821049180160,9664,34930,9008765
368,826615380357632002,3795,0,9008765
369,826598799820865537,237,4965,9008765
370,826598365270007810,2240,9688,9008765
371,826476773533745153,4012,17794,9008765
372,826240494070030336,2487,12842,9008765
373,826204788643753985,877,4722,9008765
374,826115272272650244,2964,15135,9008765
375,825876512159186944,1782,10158,9008765
376,825829644528148480,2400,12339,9009141
377,825535076884762624,16850,55296,9008765
378,825147591692263424,4328,17705,9008765
379,825120256414846976,1194,0,9008765
380,825026590719483904,1194,6056,9008765
381,824796380199809024,5261,0,9008765
382,824775126675836928,3350,14447,9008765
383,824663926340194305,1689,10180,9008765
384,824325613288833024,10161,11451,9008765
385,824297048279236611,3682,14576,9008765
386,824025158776213504,574,4688,9008765
387,823939628516474880,2609,10305,9008765
388,823719002937630720,10681,0,9008765
389,823699002998870016,2412,13540,9008765
390,823581115634085888,2514,12603,9008765
391,823333489516937216,22,683,9008765
392,823322678127919110,3842,15230,9008765
393,823269594223824897,9477,0,9008765
394,822975315408461824,3304,16808,9008765
395,822872901745569793,41244,127320,9008765
396,822859134160621569,2179,12810,9008765
397,822647212903690241,6128,0,9008765
398,822610361945911296,2816,14338,9008765
399,822489057087389700,6128,17564,9008765
400,822462944365645825,13612,26994,9008765
401,822244816520155136,9477,33897,9008765
402,822163064745328640,4536,0,9008765
403,821886076407029760,2208,10953,9008765
404,821813639212650496,3216,0,9008765
405,821765923262631936,1602,8140,9008765
406,821522889702862852,1672,7779,9008765
407,821421320206483457,5322,0,9008765
408,821407182352777218,4123,11370,9008765
409,821153421864615936,9,241,9008765
410,821149554670182400,1874,8339,9008765
411,821107785811234820,2042,9299,9008765
412,821044531881721856,2187,12283,9008765
413,820837357901512704,6437,0,9008765
414,820749716845686786,9480,30625,9008765
415,820690176645140481,3091,11866,9008765
416,820494788566847489,542,0,9008765
417,820446719150292993,2465,0,9008765
418,820314633777061888,542,3251,9008765
419,820078625395449857,5998,19177,9008765
420,820013781606658049,1125,0,9008765
421,819952236453363712,1125,5153,9008765
422,819924195358416896,4680,12552,9008765
423,819711362133872643,2981,12970,9008765
424,819588359383371776,1919,9386,9008765
425,819347104292290561,1159,7017,9008765
426,819238181065359361,392,2188,9008765
427,819227688460238848,6437,22354,9008765
428,819015337530290176,35585,0,9008765
429,819015331746349057,18298,0,9008765
430,819006400881917954,18298,44079,9008765
431,819004803107983360,35585,84753,9008765
432,818646164899774465,20067,0,9008765
433,818627210458333184,7261,21758,9008765
434,818614493328580609,2428,9546,9008765
435,818588835076603904,5864,0,9008765
436,818536468981415936,2345,10532,9008765
437,818307523543449600,7719,0,9008765
438,818259473185828864,2156,10680,9008765
439,818145370475810820,2447,11912,9008765
440,817908911860748288,761,4716,9008765
441,817827839487737858,25974,49945,9008765
442,817777686764523521,2582,10480,9008765
443,817536400337801217,2821,11436,9008765
444,817502432452313088,3248,0,9008765
445,817423860136083457,14050,32741,9008765
446,817415592588222464,915,5439,9008765
447,817181837579653120,8115,0,9008765
448,817171292965273600,1944,8516,9008765
449,817120970343411712,2492,11846,9008765
450,817056546584727552,1578,8350,9008765
451,816829038950027264,4521,0,9008765
452,816816676327063552,1954,9731,9008765
453,816697700272001025,2107,9498,9008765
454,816450570814898180,7719,29463,9008765
455,816336735214911488,1865,8361,9008765
456,816091915477250048,2049,8689,9008765
457,816062466425819140,980,0,9008765
458,816014286006976512,5040,0,9008765
459,815990720817401858,980,4800,9008765
460,815966073409433600,8115,21738,9008765
461,815745968457060357,3978,0,9008765
462,815736392542261248,2181,9568,9008765
463,815639385530101762,1588,8000,9008765
464,815390420867969024,3672,10070,9008765
465,814986499976527872,1223,7446,9008765
466,814638523311648768,2598,10969,9008765
467,814578408554463233,5625,0,9008765
468,814530161257443328,1784,8404,9008765
469,814153002265309185,8345,27974,9008765
470,813944609378369540,3057,0,9008765
471,813910438903693312,1790,9067,9008765
472,813812741911748608,13450,35479,9008765
473,813800681631023104,1698,8097,9008765
474,813217897535406080,7037,18128,9008765
475,813202720496779264,1757,9000,9008765
476,813187593374461952,4188,19340,9008765
477,813172488309972993,1857,9030,9008765
478,813157409116065792,2120,7558,9008765
479,813142292504645637,2309,8282,9008765
480,813130366689148928,429,4380,9008765
481,813127251579564032,2997,11498,9008765
482,813112105746448384,2639,10034,9008765
483,813096984823349248,3490,10293,9008765
484,813081950185472002,2679,9662,9008765
485,813066809284972545,1884,7727,9008765
486,813051746834595840,7080,20416,9008765
487,812781120811126785,1833,7334,9008765
488,812709060537683968,1391,6465,9008765
489,812503143955202048,1181,5902,9008765
490,812466873996607488,1848,7772,9008765
491,812372279581671427,3528,13295,9008765
492,811985624773361665,1355,7087,9008765
493,811744202451197953,1534,7354,9008765
494,811647686436880384,710,5458,9009141
495,811627233043480576,2956,12399,9008765
496,811386762094317568,6157,20380,9008765
497,810984652412424192,1375,5180,9008765
498,810896069567610880,1692,8772,9008765
499,810657578271330305,2532,10670,9008765
500,810284430598270976,10830,34248,9008765
501,810254108431155201,3257,14325,9008765
502,809920764300447744,3795,15166,9008765
503,809808892968534016,4711,0,9008765
504,809448704142938112,1417,6772,9008765
505,809220051211603969,5397,19380,9008765
506,809084759137812480,3408,12881,9008765
507,808838249661788160,2939,9877,9008765
508,808733504066486276,2092,7700,9008765
509,808501579447930884,2511,11035,9008765
510,808344865868283904,20067,41315,9008765
511,808134635716833280,5696,0,9008765
512,808106460588765185,2133,8597,9008765
513,808001312164028416,3418,12215,9008765
514,807621403335917568,3492,14226,9008765
515,807106840509214720,53343,114877,9008765
516,807059379405148160,7089,0,9008765
517,807010152071229440,3739,12798,9008765
518,806629075125202948,33382,72562,9008765
519,806620845233815552,5330,0,9008765
520,806576416489959424,1890,4774,9008765
521,806542213899489280,2285,9970,9008765
522,806242860592926720,11225,0,9008765
523,806219024703037440,1161,6300,9008765
524,805958939288408065,5181,0,9008765
525,805932879469572096,1860,8111,9008765
526,805826884734976000,1763,6411,9008765
527,805823200554876929,7733,0,9008765
528,805520635690676224,1604,5619,9008765
529,805487436403003392,2448,8591,9008765
530,805207613751304193,1670,7659,9008765
531,804738756058218496,3701,13337,9008765
532,804475857670639616,1956,6002,9008765
533,804413760345620481,3120,0,9008765
534,804026241225523202,15536,43276,9008765
535,803773340896923648,2650,9809,9008765
536,803692223237865472,7178,0,9008765
537,803638050916102144,4008,10682,9008765
538,803380650405482500,1815,7575,9008765
539,803321560782307329,5124,0,9008765
540,803276597545603072,2369,9788,9008765
541,802952499103731712,1930,8815,9008765
542,802624713319034886,2807,0,9008765
543,802600418706604034,1411,6946,9008765
544,802572683846291456,2434,8750,9008765
545,802323869084381190,5654,15795,9008765
546,802265048156610565,1338,6778,9008765
547,802239329049477120,2533,8886,9008765
548,802185808107208704,264,0,9008765
549,801958328846974976,1654,7567,9008765
550,801854953262350336,229,1762,9008765
551,801538201127157760,2009,8036,9008765
552,801285448605831168,795,5903,9008765
553,801167903437357056,5696,23818,9008765
554,801127390143516673,3836,0,9008765
555,801115127852503040,2031,7877,9008765
556,800859414831898624,96,670,9008765
557,800855607700029440,1555,0,9008765
558,800751577355128832,2708,10341,9008765
559,800513324630806528,2905,12840,9008765
560,800459316964663297,2111,9274,9008765
561,800443802682937345,4165,0,9008765
562,800388270626521089,2710,10890,9008765
563,800188575492947969,3812,0,9008765
564,800141422401830912,2465,14895,9008765
565,800018252395122689,12695,27624,9008765
566,799774291445383169,4507,0,9008765
567,799757965289017345,2080,8185,9008765
568,799422933579902976,1857,7885,9008765
569,799308762079035393,5251,0,9008765
570,799297110730567681,2654,9634,9008765
571,799063482566066176,2403,7889,9008765
572,798933969379225600,4318,12754,9008765
573,798925684722855936,1400,7345,9008765
574,798705661114773508,6426,0,9008765
575,798701998996647937,7499,0,9008765
576,798697898615730177,6295,0,9008765
577,798694562394996736,4797,0,9008765
578,798686750113755136,2251,0,9008765
579,798682547630837760,4586,0,9008765
580,798673117451325440,5388,0,9008765
581,798665375516884993,3785,0,9008765
582,798644042770751489,1791,0,9008765
583,798628517273620480,1912,0,9008765
584,798585098161549313,5470,0,9008765
585,798576900688019456,5655,0,9008765
586,798340744599797760,3233,0,9008765
587,798209839306514432,2479,10176,9008765
588,797971864723324932,3004,11292,9008765
589,797545162159308800,4723,14215,9008765
590,797236660651966464,6359,19443,9008765
591,797165961484890113,26,222,9008765
592,796904159865868288,8633,0,9008765
593,796865951799083009,1883,7508,9008765
594,796759840936919040,2944,11510,9008765
595,796563435802726400,6974,0,9008765
596,796484825502875648,1698,7377,9008765
597,796387464403357696,4019,10743,9008765
598,796177847564038144,13791,0,9008765
599,796149749086875649,13791,31401,9008765
600,796125600683540480,1742,4861,9008765
601,796116448414461957,2324,8877,9008765
602,796080075804475393,2228,8252,9008765
603,796031486298386433,3609,10540,9008765
604,795464331001561088,22726,48167,9008765
605,795400264262053889,2765,9784,9008765
606,795076730285391872,5261,15789,9008765
607,794983741416415232,3252,0,9008765
608,794926597468000259,2231,9972,9008765
609,794355576146903043,9944,0,9008765
610,794332329137291264,2596,9388,9008765
611,794205286408003585,3214,9021,9008765
612,793962221541933056,4711,16387,9008765
613,793845145112371200,1798,9013,9008765
614,793614319594401792,3027,0,9008765
615,793601777308463104,1561,7803,9008765
616,793500921481273345,2299,10415,9008765
617,793286476301799424,8861,23961,9008765
618,793271401113350145,2324,8502,9008765
619,793256262322548741,8074,19480,9008765
620,793241302385262592,3185,10257,9008765
621,793226087023144960,2792,9560,9008765
622,793210959003287553,2701,8702,9008765
623,793195938047070209,5437,14867,9008765
624,793180763617361921,1931,6758,9008765
625,793165685325201412,2700,9148,9008765
626,793150605191548928,1644,6016,9008765
627,793135492858580992,2428,6248,9008765
628,793120401413079041,3785,12335,9008765
629,792913359805018113,3835,13954,9008765
630,792883833364439040,4120,11015,9008765
631,792773781206999040,1632,7185,9008765
632,792394556390137856,4151,13074,9008765
633,792050063153438720,1722,6961,9008765
634,791821351946420224,20415,0,9008765
635,791784077045166082,9220,0,9008765
636,791780927877898241,3687,0,9008765
637,791774931465953280,21425,43890,9008765
638,791672322847637504,3027,11476,9008765
639,791406955684368384,3978,12820,9008765
640,791312159183634433,2448,8537,9008765
641,791026214425268224,3943,0,9008765
642,790987426131050500,2067,9562,9008765
643,790946055508652032,4521,16281,9008765
644,790723298204217344,2227,0,9008765
645,790698755171364864,1861,8014,9008765
646,790581949425475584,6876,20124,9008765
647,790337589677002753,1830,7638,9008765
648,790277117346975746,3057,12243,9008765
649,790227638568808452,3432,0,9008765
650,789986466051088384,2227,9038,9008765
651,789960241177853952,3966,0,9008765
652,789903600034189313,3992,10069,9008765
653,789628658055020548,1703,7291,9008765
654,789599242079838210,1859,6570,9008765
655,789530877013393408,3251,11428,9008765
656,789314372632018944,2208,8414,9008765
657,789280767834746880,4746,0,9008765
658,789268448748703744,2530,8894,9008765
659,789137962068021249,2685,9467,9008765
660,788908386943430656,12057,26753,9008765
661,788765914992902144,9944,26617,9008765
662,788552643979468800,6886,0,9008765
663,788412144018661376,5090,15139,9008765
664,788178268662984705,2024,7074,9008765
665,788150585577050112,1236,5962,9008765
666,788070120937619456,3316,0,9008765
667,788039637453406209,1271,5969,9008765
668,787810552592695296,2935,8387,9008765
669,787717603741622272,2671,9979,9008765
670,787397959788929025,2758,10620,9008765
671,787322443945877504,1677,7599,9008765
672,787111942498508800,6504,0,9008765
673,786963064373534720,7694,25958,9008765
674,786729988674449408,2349,0,9008765
675,786709082849828864,5911,17802,9008765
676,786664955043049472,2442,10301,9008765
677,786595970293370880,3025,9239,9008765
678,786363235746385920,3343,10575,9008765
679,786286427768250368,2733,7748,9008765
680,786233965241827333,4536,14829,9008765
681,786051337297522688,152,1392,9008765
682,786036967502913536,6723,0,9008765
683,785927819176054784,3082,11099,9008765
684,785872687017132033,1735,6524,9008765
685,785639753186217984,2163,7669,9008765
686,785533386513321988,1905,8834,9008765
687,785515384317313025,1206,5968,9008765
688,785264754247995392,1571,7073,9008765
689,785170936622350336,4649,11675,9008765
690,784826020293709826,3120,9824,9008765
691,784517518371221505,2432,8733,9008765
692,784431430411685888,1227,5571,9008765
693,784183165795655680,7733,19479,9008765
694,784057939640352768,10681,28886,9008765
695,783839966405230592,10383,29114,9008765
696,783821107061198850,1885,7162,9008765
697,783695101801398276,3085,10161,9008765
698,783466772167098368,2149,8199,9008765
699,783391753726550016,5249,16420,9008765
700,783347506784731136,5327,0,9008765
701,783334639985389568,11225,28265,9008765
702,783085703974514689,2103,7929,9008765
703,782969140009107456,7089,23457,9008765
704,782747134529531904,1357,7257,9008765
705,782722598790725632,5181,16745,9008765
706,782598640137187329,1807,7578,9008765
707,782305867769217024,5322,16140,9008765
708,782021823840026624,5951,0,9008765
709,781955203444699136,3223,10842,9008765
710,781661882474196992,2603,10136,9008765
711,781655249211752448,1091,3880,9008765
712,781524693396357120,5330,20149,9008765
713,781308096455073793,2459,6931,9008765
714,781251288990355457,1994,8142,9008765
715,781163403222056960,2646,9518,9008765
716,780931614150983680,6974,21021,9008765
717,780858289093574656,1926,6984,9008765
718,780800785462489090,1243,5319,9008765
719,780601303617732608,3216,11743,9008765
720,780543529827336192,1677,6120,9008765
721,780496263422808064,3525,0,9008765
722,780476555013349377,108,0,9008765
723,780459368902959104,1027,5133,9008765
724,780192070812196864,2152,8448,9008765
725,780092040432480260,2212,0,9008765
726,780074436359819264,4730,11743,9008765
727,779834332596887552,6723,18270,9008765
728,779377524342161408,2983,8499,9008765
729,779124354206535695,17529,0,9008765
730,779056095788752897,4345,14302,9008765
731,778990705243029504,6871,19307,9008765
732,778774459159379968,9464,0,9008765
733,778764940568104960,348,839,9008765
734,778748913645780993,1249,6659,9008765
735,778650543019483137,1429,5580,9008765
736,778624900596654080,971,4461,9008765
737,778408200802557953,4129,13201,9008765
738,778396591732486144,11686,0,9008765
739,778383385161035776,1049,5645,9008765
740,778286810187399168,3162,10033,9008765
741,778039087836069888,2536,8206,9008765
742,778027034220126208,1535,6361,9008765
743,777953400541634568,3371,0,9008765
744,777885040357281792,1563,6163,9008765
745,777684233540206592,2807,10892,9008765
746,777641927919427584,4047,0,9008765
747,777621514455814149,2404,8462,9008765
748,777189768882946048,4124,13753,9008765
749,776819012571455488,13080,0,9008765
750,776813020089548800,1145,4725,9008765
751,776477788987613185,2648,8509,9008765
752,776249906839351296,8734,0,9008765
753,776218204058357768,15160,28860,9008765
754,776201521193218049,2411,9260,9008765
755,776113305656188928,4165,11408,9008765
756,776088319444877312,146,1773,9008765
757,775898661951791106,16039,0,9008765
758,775842724423557120,2539,11321,9008765
759,775733305207554048,3836,13444,9008765
760,775729183532220416,4411,12579,9008765
761,775364825476165632,2825,7148,9008765
762,775350846108426240,3733,9814,9009141
763,775085132600442880,4507,15033,9008765
764,774757898236878852,1706,8345,9008765
765,774639387460112384,1657,6521,9008765
766,774314403806253056,5251,21064,9008765
767,773985732834758656,3694,10394,9008765
768,773922284943896577,1669,6202,9008765
769,773704687002451968,1543,6400,9008765
770,773670353721753600,1256,5184,9008765
771,773547596996571136,5864,21356,9008765
772,773336787167145985,4832,0,9008765
773,773308824254029826,7157,22580,9008765
774,773247561583001600,3114,9155,9008765
775,773191612633579521,3948,9669,9008765
776,772877495989305348,3695,8272,9008765
777,772826264096874500,2267,7779,9008765
778,772615324260794368,3226,0,9008765
779,772581559778025472,1634,6288,9008765
780,772193107915964416,1326,5818,9008765
781,772152991789019136,1088,3691,9008765
782,772117678702071809,704,3633,9008765
783,772114945936949249,454,2642,9008765
784,772102971039580160,897,3868,9008765
785,771908950375665664,1803,6341,9008765
786,771770456517009408,3233,11596,9008765
787,771500966810099713,2499,8005,9008765
788,771380798096281600,4832,10169,9008765
789,771171053431250945,7104,0,9008765
790,771136648247640064,2792,8838,9008765
791,771102124360998913,1373,6013,9008765
792,771014301343748096,1584,6662,9008765
793,770787852854652928,1147,4773,9008765
794,770772759874076672,1357,5019,9008765
795,770655142660169732,1711,7113,9008765
796,770414278348247044,1996,6111,9008765
797,770293558247038976,1399,5997,9008765
798,770093767776997377,2909,0,9008765
799,770069151037685760,2186,7332,9008765
800,769940425801170949,9111,30147,9008765
801,769695466921623552,1606,6206,9008765
802,769335591808995329,7375,0,9008765
803,769212283578875904,1642,5204,9008765
804,768970937022709760,6202,13774,9008765
805,768909767477751808,2544,0,9008765
806,768855141948723200,850,4040,9008765
807,768609597686943744,1136,3967,9008765
808,768596291618299904,1223,4864,9008765
809,768554158521745409,5547,0,9008765
810,768473857036525572,3264,13128,9008765
811,768193404517830656,3371,10494,9008765
812,767884188863397888,1306,4582,9008765
813,767754930266464257,5124,15418,9008765
814,767500508068192258,2230,7244,9008765
815,767191397493538821,3598,11853,9008765
816,767122157629476866,2732,9827,9008765
817,766793450729734144,1299,4866,9008765
818,766714921925144576,361,2518,9008765
819,766693177336135680,757,3885,9008765
820,766423258543644672,1506,5790,9008765
821,766313316352462849,1796,6530,9008765
822,766078092750233600,2501,0,9008765
823,766069199026450432,809,4069,9008765
824,766008592277377025,476,3624,9008765
825,765719909049503744,2061,6986,9008765
826,765669560888528897,1179,5000,9008765
827,765395769549590528,3227,25766,9008765
828,765371061932261376,2071,6830,9008765
829,765222098633691136,3226,11206,9008765
830,764857477905154048,1696,6239,9008765
831,764259802650378240,1434,5798,9008765
832,763956972077010945,51,743,9008765
833,763837565564780549,3943,12084,9008765
834,763183847194451968,1405,5182,9008765
835,763167063695355904,2857,0,9008765
836,763103485927849985,2195,7109,9008765
837,762699858130116608,3432,11684,9008765
838,762471784394268675,6102,10807,9008765
839,762464539388485633,3966,9932,9008765
840,762316489655476224,1062,4616,9008765
841,762035686371364864,14767,30618,9008765
842,761976711479193600,1899,5207,9008765
843,761750502866649088,3720,0,9008765
844,761745352076779520,826,4128,9008765
845,761672994376806400,27656,47514,9008765
846,761599872357261312,1129,3983,9008765
847,761371037149827077,17218,0,9008765
848,761334018830917632,1383,4985,9008765
849,761292947749015552,1037,4322,9008765
850,761227390836215808,1497,5141,9008765
851,761004547850530816,3316,10932,9008765
852,760893934457552897,923,3674,9008765
853,760656994973933572,1812,6345,9008765
854,760641137271070720,1227,4808,9008765
855,760539183865880579,3455,7278,9008765
856,760521673607086080,1326,4042,9008765
857,760290219849637889,10916,25764,9008765
858,760252756032651264,823,3793,9008765
859,760190180481531904,1704,5493,9008765
860,760153949710192640,30,0,9008765
861,759943073749200896,1985,5716,9008765
862,759846353224826880,1874,6475,9008765
863,759793422261743616,1814,5739,9008765
864,759557299618865152,1141,4507,9008765
865,759447681597108224,2349,8175,9008765
866,759446261539934208,466,1611,9008765
867,759197388317847553,1850,5849,9008765
868,759159934323924993,1103,0,9008765
869,759099523532779520,3945,13965,9008765
870,759047813560868866,1909,6231,9008765
871,758854675097526272,864,3415,9008765
872,758828659922702336,3668,10776,9008765
873,758740312047005698,1538,5517,9008765
874,758474966123810816,945,3656,9008769
875,758467244762497024,2100,4606,9008769
876,758405701903519748,1816,5010,9008769
877,758355060040593408,1005,3247,9008769
878,758099635764359168,9464,18247,9008769
879,758041019896193024,351,2599,9008769
880,757741869644341248,3111,6598,9008769
881,757729163776290825,7488,0,9008769
882,757725642876129280,1150,4366,9008769
883,757611664640446465,1037,4397,9008769
884,757597904299253760,286,0,9008769
885,757596066325864448,1000,4178,9008769
886,757400162377592832,6503,14520,9008769
887,757393109802180609,1638,5589,9008769
888,757354760399941633,1343,4334,9008769
889,756998049151549440,1893,6031,9008769
890,756939218950160384,1904,6382,9008769
891,756651752796094464,1233,4837,9008769
892,756526248105566208,3414,9988,9008769
893,756303284449767430,1049,3787,9008769
894,756288534030475264,16829,42326,9008769
895,756275833623502848,1452,6124,9008769
896,755955933503782912,2717,7011,9008769
897,755206590534418437,5069,15761,9008769
898,755110668769038337,10540,20322,9008769
899,754874841593970688,7499,0,9008769
900,754856583969079297,2375,6624,9008769
901,754747087846248448,494,2480,9008769
902,754482103782404096,1853,5070,9008769
903,754449512966619136,694,3595,9008769
904,754120377874386944,2232,7571,9008769
905,753655901052166144,2065,5601,9008769
906,753420520834629632,3363,7554,9008769
907,753398408988139520,1803,5502,9008769
908,753375668877008896,2212,7326,9008769
909,753298634498793472,5389,0,9008769
910,753294487569522689,988,3214,9008769
911,753039830821511168,19801,35562,9008769
912,753026973505581056,906,3759,9008769
913,752932432744185856,6504,12089,9008769
914,752917284578922496,1482,6670,9008769
915,752701944171524096,2714,0,9008769
916,752682090207055872,1504,5777,9008769
917,752660715232722944,1474,4191,9008769
918,752568224206688256,2163,5265,9008769
919,752519690950500352,3259,7057,9008769
920,752334515931054080,1041,3673,9008769
921,752309394570878976,15350,0,9008769
922,752173152931807232,1735,5714,9008769
923,751950017322246144,863,2937,9008769
924,751937170840121344,1239,4962,9008769
925,751830394383790080,1846,5573,9008769
926,751793661361422336,2729,5552,9008769
927,751598357617971201,2903,7626,9008769
928,751583847268179968,1038,4213,9008769
929,751538714308972544,1186,4835,9008769
930,751456908746354688,950,3088,9008769
931,751251247299190784,5556,12020,9008769
932,751205363882532864,1718,6055,9008769
933,751132876104687617,1223,4848,9008769
934,750868782890057730,1290,4580,9008769
935,750719632563142656,4746,12614,9009145
936,750506206503038976,1083,4252,9008769
937,750429297815552001,4047,12624,9008769
938,750383411068534784,1081,4367,9008769
939,750381685133418496,28,685,9008769
940,750147208377409536,907,2990,9008769
941,750132105863102464,1221,3472,9008769
942,750117059602808832,1245,4170,9008769
943,750101899009982464,799,2921,9008769
944,750086836815486976,505,2083,9008769
945,750071704093859840,3133,7466,9008769
946,750056684286914561,853,3046,9008769
947,750041628174217216,580,3043,9008769
948,750026558547456000,740,2610,9008769
949,750011400160841729,853,3097,9008769
950,749996283729883136,775,2920,9008769
951,749981277374128128,2342,4900,9008769
952,749774190421639168,1258,4479,9008769
953,749417653287129088,1553,5861,9008769
954,749403093750648834,502,2505,9008769
955,749395845976588288,3265,8197,9008769
956,749317047558017024,2114,5239,9008769
957,749075273010798592,1953,5508,9008769
958,749064354620928000,1452,4607,9008769
959,749036806121881602,751,2966,9008769
960,748977405889503236,3215,10301,9008769
961,748932637671223296,2134,5546,9008769
962,748705597323898880,905,2660,9008769
963,748699167502000129,1503,4537,9008769
964,748692773788876800,1260,4047,9008769
965,748575535303884801,1881,5813,9008769
966,748568946752774144,637,2111,9008769
967,748346686624440324,1161,5000,9008769
968,748337862848962560,3875,7268,9008769
969,748324050481647620,714,3538,9008769
970,748307329658011649,675,3536,9008769
971,748220828303695873,7343,13505,9008769
972,747963614829678593,2022,5545,9008769
973,747933425676525569,2418,6327,9008769
974,747885874273214464,917,2796,9008769
975,747844099428986880,702,2705,9008769
976,747816857231626240,1102,4619,9008769
977,747651430853525504,147,1310,9008769
978,747648653817413632,5506,12310,9008769
979,747600769478692864,536,2239,9008769
980,747594051852075008,985,3516,9008769
981,747512671126323200,1522,5270,9008769
982,747461612269887489,988,3701,9008769
983,747439450712596480,1806,5176,9008769
984,747242308580548608,2732,0,9008769
985,747219827526344708,1481,5025,9008769
986,747204161125646336,861,3213,9008769
987,747103485104099331,3741,9118,9008769
988,746906459439529985,276,2782,9008769
989,746872823977771008,2018,5730,9008769
990,746818907684614144,1656,5082,9008769
991,746790600704425984,1519,4648,9008769
992,746757706116112384,3687,9121,9008769
993,746726898085036033,1697,5783,9008769
994,746542875601690625,1795,4818,9008769
995,746521445350707200,928,0,9008769
996,746507379341139972,1028,4454,9008769
997,746369468511756288,1540,5940,9008769
998,746131877086527488,2065,6572,9008769
999,746056683365994496,767,3409,9008769
1000,745789745784041472,997,3811,9008769
1001,745712589599014916,2193,6693,9008769
1002,745433870967832576,2392,6744,9008769
1003,745422732645535745,2279,8163,9008769
1004,745314880350101504,2587,6816,9008769
1005,745074613265149952,3294,7490,9008769
1006,745057283344719872,2112,6925,9008769
1007,744995568523612160,581,2826,9009145
1008,744971049620602880,2524,7509,9008769
1009,744709971296780288,1484,5357,9008769
1010,744334592493166593,1987,6469,9008769
1011,744234799360020481,73080,148696,9008769
1012,744223424764059648,338,1572,9008769
1013,743980027717509120,1038,3992,9008769
1014,743895849529389061,910,3489,9008769
1015,743835915802583040,1951,0,9008769
1016,743609206067040256,1313,4272,9008769
1017,743595368194129920,6139,17448,9008769
1018,743545585370791937,888,3369,9008769
1019,743510151680958465,3514,7583,9008769
1020,743253157753532416,1152,4042,9008769
1021,743222593470234624,1806,5909,9008769
1022,743210557239623680,1283,3660,9008769
1023,742534281772302336,3384,6723,9008769
1024,742528092657332225,1845,4210,9008769
1025,742465774154047488,3711,6920,9008769
1026,742423170473463808,3525,9366,9008769
1027,742385895052087300,1850,6477,9008769
1028,742161199639494656,1283,4098,9008769
1029,742150209887731712,1456,4850,9008769
1030,741793263812808706,1416,4330,9008769
1031,741743634094141440,2589,7768,9008769
1032,741438259667034112,772,3512,9008769
1033,741303864243200000,3023,8353,9008769
1034,741099773336379392,5203,9501,9008769
1035,741067306818797568,2909,9094,9008769
1036,740995100998766593,2561,6030,9008769
1037,740711788199743490,894,3232,9008769
1038,740699697422163968,736,2714,9008769
1039,740676976021798912,6426,17283,9008769
1040,740373189193256964,12527,33377,9008769
1041,740365076218183684,401,2327,9008769
1042,740359016048689152,811,3118,9008769
1043,740214038584557568,1845,6350,9008769
1044,739979191639244800,5547,18988,9008769
1045,739932936087216128,1015,3860,9008769
1046,739844404073074688,808,3615,9008769
1047,739623569819336705,1280,3583,9008769
1048,739606147276148736,1556,5123,9008769
1049,739544079319588864,19926,37468,9008769
1050,739485634323156992,2731,6776,9008769
1051,739238157791694849,54537,110094,9008769
1052,738891149612572673,6,98,9008769
1053,738885046782832640,1075,3584,9008769
1054,738883359779196928,742,3128,9008769
1055,738537504001953792,1441,4830,9008769
1056,738402415918125056,770,3095,9008769
1057,738184450748633089,1146,4096,9008769
1058,738166403467907072,3129,8303,9008769
1059,738156290900254721,604,2363,9008769
1060,737826014890496000,1654,4994,9008769
1061,737800304142471168,3265,9514,9008769
1062,737678689543020544,1241,4767,9008769
1063,737445876994609152,4193,9727,9008769
1064,737322739594330112,758,3415,9008769
1065,737310737551491075,6961,13912,9008769
1066,736736130620620800,1614,4018,9008769
1067,736392552031657984,6886,16810,9008769
1068,736365877722001409,1161,3773,9008769
1069,736225175608430592,2630,7704,9008769
1070,736010884653420544,2775,7462,9008769
1071,735991953473572864,1067,3401,9008769
1072,735648611367784448,1043,3842,9008769
1073,735635087207878657,2210,5838,9008769
1074,735274964362878976,4706,12375,9008769
1075,735256018284875776,829,3164,9008769
1076,735137028879360001,916,2968,9008769
1077,734912297295085568,494,2618,9008769
1078,734787690684657664,5936,11889,9008769
1079,734776360183431168,504,2381,9008769
1080,734559631394082816,371,1414,9008769
1081,733828123016450049,738,3390,9008769
1082,733822306246479872,965,3496,9008769
1083,733482008106668032,886,2962,9008769
1084,733460102733135873,1179,3970,9008769
1085,733109485275860992,16039,50711,9008769
1086,732732193018155009,499,2306,9008769
1087,732726085725589504,829,3378,9008769
1088,732585889486888962,734,3460,9008769
1089,732375214819057664,2351,7678,9008769
1090,732005617171337216,5040,14099,9008769
1091,731285275100512256,937,3325,9008769
1092,731156023742988288,1183,3632,9008769
1093,730924654643314689,1863,5833,9008769
1094,730573383004487680,1993,4601,9008769
1095,730427201120833536,975,3303,9008769
1096,730211855403241472,994,3609,9008769
1097,730196704625098752,1755,4565,9008769
1098,729854734790754305,1047,3823,9008769
1099,729838605770891264,354,1635,9008769
1100,729823566028484608,1164,3765,9008769
1101,729463711119904772,2161,5465,9008769
1102,729113531270991872,299,1780,9008769
1103,728986383096946689,765,2977,9008769
1104,728760639972315136,1597,4409,9008769
1105,728751179681943552,638,2622,9008769
1106,728653952833728512,978,3133,9008769
1107,728409960103686147,1879,4645,9008769
1108,728387165835677696,902,3525,9008769
1109,728046963732717569,1126,4058,9008769
1110,728035342121635841,1562,4303,9008769
1111,728015554473250816,1029,3917,9008769
1112,727685679342333952,599,2821,9008769
1113,727644517743104000,1640,5552,9008769
1114,727524757080539137,1135,4231,9008769
1115,727314416056803329,701,3162,9008769
1116,727286334147182592,771,2901,9008769
1117,727175381690781696,1295,3698,9008769
1118,727155742655025152,1238,3423,9008769
1119,726935089318363137,2287,6519,9008769
1120,726887082820554753,1418,3641,9008769
1121,726828223124897792,945,3389,9008769
1122,726224900189511680,1075,4197,9008769
1123,725842289046749185,2501,6726,9008769
1124,725786712245440512,1288,3953,9008769
1125,725729321944506368,1661,4936,9008769
1126,725458796924002305,574,1346,9008769
1127,724983749226668032,1216,3540,9008769
1128,724771698126512129,588,2215,9008769
1129,724405726123311104,1562,5013,9008768
1130,724049859469295616,1669,4093,9008768
1131,724046343203856385,521,2523,9008768
1132,724004602748780546,1438,3948,9008768
1133,723912936180330496,1159,3695,9008768
1134,723688335806480385,2734,7253,9008768
1135,723673163800948736,835,2867,9008768
1136,723179728551723008,1751,5014,9008768
1137,722974582966214656,1469,3880,9008768
1138,722613351520608256,1538,4725,9008768
1139,721503162398597120,1705,4365,9008768
1140,721001180231503872,575,2401,9008768
1141,720785406564900865,723,2930,9008768
1142,720775346191278080,606,2330,9008768
1143,720415127506415616,1407,3921,9008768
1144,720389942216527872,2341,6034,9008768
1145,720340705894408192,914,2712,9008768
1146,720059472081784833,1052,3658,9008768
1147,720043174954147842,1882,4696,9008768
1148,719991154352222208,1629,4592,9008768
1149,719704490224398336,1335,4304,9008768
1150,719551379208073216,1782,4780,9008768
1151,719367763014393856,706,2658,9008768
1152,719339463458033665,1155,4225,9008768
1153,719332531645071360,890,3267,9008768
1154,718971898235854848,1011,3288,9008768
1155,718939241951195136,1637,4967,9008768
1156,718631497683582976,7499,17858,9008768
1157,718613305783398402,449,2318,9008768
1158,718540630683709445,950,2304,9008768
1159,718460005985447936,491,2556,9008768
1160,718454725339934721,1416,4608,9008768
1161,718246886998687744,459,1813,9008768
1162,718234618122661888,934,3667,9008768
1163,717841801130979328,561,2326,9008768
1164,717790033953034240,1025,2707,9008768
1165,717537687239008257,1729,5477,9008768
1166,717428917016076293,423,1531,9008768
1167,717421804990701568,778,2969,9008768
1168,717047459982213120,1799,5954,9008768
1169,717009362452090881,897,3068,9008768
1170,716802964044845056,1091,4081,9008768
1171,716791146589110272,1486,7831,9008768
1172,716730379797970944,409,1167,9008768
1173,716447146686459905,5507,12381,9008768
1174,716439118184652801,198,2267,9008768
1175,716285507865542656,989,2634,9008768
1176,716080869887381504,1782,6430,9008768
1177,715928423106027520,827,3023,9008768
1178,715758151270801409,1341,3517,9008768
1179,715733265223708672,1583,4435,9008768
1180,715704790270025728,532,2631,9008768
1181,715696743237730304,1212,3716,9008768
1182,715680795826982913,1492,4074,9008768
1183,715360349751484417,1469,5189,9008768
1184,715342466308784130,643,2884,9008768
1185,715220193576927233,612,2292,9008768
1186,715200624753819648,1753,4892,9008768
1187,715009755312439296,1150,3929,9008768
1188,714982300363173890,969,3533,9008768
1189,714962719905021952,3987,6968,9008768
1190,714957620017307648,1322,3935,9008768
1191,714631576617938945,934,3105,9008768
1192,714606013974974464,866,3452,9008768
1193,714485234495041536,1055,2522,9008768
1194,714258258790387713,687,2887,9008768
1195,714251586676113411,783,3112,9008768
1196,714214115368108032,822,2170,9008768
1197,714141408463036416,1320,4105,9008768
1198,713919462244790272,744,3122,9008768
1199,713909862279876608,511,1797,9008768
1200,713900603437621249,686,2696,9008768
1201,713761197720473600,1280,4603,9008768
1202,713411074226274305,1224,4211,9008768
1203,713177543487135744,2686,6848,9008768
1204,713175907180089344,1379,4217,9008768
1205,712809025985978368,6295,18067,9008768
1206,712717840512598017,4648,11679,9008768
1207,712668654853337088,1135,3940,9008768
1208,712438159032893441,1468,5047,9008768
1209,712309440758808576,25,223,9008768
1210,712097430750289920,969,3583,9008768
1211,712092745624633345,839,2798,9008768
1212,712085617388212225,461,3110,9008768
1213,712065007010385924,586,2137,9008768
1214,711998809858043904,122,0,9008768
1215,711968124745228288,2163,7626,9008768
1216,711743778164514816,938,2699,9008768
1217,711732680602345472,3821,8333,9008768
1218,711694788429553666,17218,31108,9009144
1219,711652651650457602,854,3663,9008768
1220,711363825979756544,1066,3431,9008768
1221,711306686208872448,697,3135,9009144
1222,711008018775851008,578,2838,9008768
1223,710997087345876993,1304,4350,9008768
1224,710844581445812225,643,2421,9008768
1225,710833117892898816,501,2546,9008768
1226,710658690886586372,530,2204,9008768
1227,710609963652087808,2244,4544,9008768
1228,710588934686908417,1752,4302,9008768
1229,710296729921429505,693,2263,9008768
1230,710283270106132480,494,2060,9008768
1231,710272297844797440,1182,4285,9008768
1232,710269109699739648,1049,2274,9008768
1233,710153181850935296,840,2764,9008768
1234,710140971284037632,835,2604,9008768
1235,710117014656950272,1853,5172,9008768
1236,709918798883774466,1019,3328,9008768
1237,709901256215666688,97,635,9008768
1238,709852847387627521,1131,3324,9008768
1239,709566166965075968,1124,3362,9008769
1240,709556954897764353,1006,3116,9008769
1241,709519240576036864,225,1431,9008769
1242,709449600415961088,536,2093,9008769
1243,709409458133323776,642,2512,9008769
1244,709225125749587968,539,2280,9008769
1245,709207347839836162,5404,11825,9008769
1246,709198395643068416,607,2333,9008769
1247,709179584944730112,629,1909,9008769
1248,709158332880297985,383,1936,9008769
1249,709042156699303936,1534,4481,9008769
1250,708853462201716736,617,1709,9008769
1251,708845821941387268,838,2817,9008769
1252,708834316713893888,473,1600,9008769
1253,708810915978854401,6484,15657,9008769
1254,708738143638450176,769,2622,9008769
1255,708711088997666817,669,2405,9008769
1256,708479650088034305,641,2413,9008769
1257,708469915515297792,762,2945,9008769
1258,708400866336894977,9429,15107,9008769
1259,708356463048204288,1245,3398,9008769
1260,708349470027751425,698,2243,9008769
1261,708149363256774660,1463,4097,9008769
1262,708130923141795840,802,3205,9008769
1263,708119489313951744,919,2554,9008769
1264,708109389455101952,525,1861,9008769
1265,708026248782585858,1811,4178,9008769
1266,707995814724026368,1058,2970,9008769
1267,707983188426153984,2,48,9008769
1268,707969809498152960,903,2555,9008769
1269,707776935007539200,902,3109,9008769
1270,707741517457260545,576,2363,9008769
1271,707738799544082433,2292,3866,9008769
1272,707693576495472641,939,3217,9008769
1273,707629649552134146,818,2436,9008769
1274,707610948723478529,5951,16118,9008769
1275,707420581654872064,659,2140,9008769
1276,707411934438625280,565,2186,9008769
1277,707387676719185920,1194,3318,9008769
1278,707377100785885184,1014,3097,9008769
1279,707315916783140866,596,2350,9008769
1280,707297311098011648,737,2652,9008769
1281,707059547140169728,635,2468,9008769
1282,707038192327901184,740,2076,9008769
1283,707021089608753152,1274,3886,9008769
1284,707014260413456384,561,2198,9008769
1285,706904523814649856,7375,13837,9008769
1286,706901761596989440,545,1942,9008769
1287,706681918348251136,917,3131,9008769
1288,706644897839910912,1026,2432,9008769
1289,706593038911545345,595,2049,9008769
1290,706538006853918722,1349,3301,9008769
1291,706516534877929472,968,2970,9008769
1292,706346369204748288,867,3273,9008769
1293,706310011488698368,7402,20172,9008769
1294,706291001778950144,450,1623,9008769
1295,706265994973601792,872,2599,9008769
1296,706169069255446529,2077,3701,9008769
1297,706166467411222528,1511,4894,9008769
1298,706153300320784384,359,1407,9008769
1299,705975130514706432,684,2946,9008769
1300,705970349788291072,836,3026,9008769
1301,705898680587526145,518,2261,9008769
1302,705786532653883392,485,1839,9008769
1303,705591895322394625,1077,3006,9008769
1304,705475953783398401,858,2829,9008769
1305,705442520700944385,1506,4185,9008769
1306,705428427625635840,1567,3621,9008769
1307,705239209544720384,707,2850,9008769
1308,705223444686888960,749,2453,9008769
1309,705102439679201280,488,2037,9008769
1310,705066031337840642,572,2075,9008769
1311,704871453724954624,1056,4057,9009145
1312,704859558691414016,498,2147,9008769
1313,704847917308362754,1423,4824,9008769
1314,704819833553219584,919,2508,9008769
1315,704761120771465216,2732,6314,9008769
1316,704499785726889984,939,2756,9008769
1317,704491224099647488,74,711,9008769
1318,704480331685040129,1010,3234,9008769
1319,704364645503647744,3335,7573,9008769
1320,704347321748819968,327,1498,9008769
1321,704134088924532736,427,1432,9008769
1322,704113298707505153,539,1770,9008769
1323,704054845121142784,867,2783,9008769
1324,703774238772166656,421,1763,9008769
1325,703769065844768768,1067,3099,9008769
1326,703631701117943808,628,2437,9008769
1327,703611486317502464,1433,3659,9008769
1328,703425003149250560,1272,3597,9008769
1329,703407252292673536,647,2322,9008769
1330,703382836347330562,1072,3327,9008769
1331,703356393781329922,361,1822,9008769
1332,703268521220972544,510,1886,9008769
1333,703079050210877440,2899,7018,9008769
1334,703041949650034688,11686,25033,9008769
1335,702932127499816960,676,2456,9008769
1336,702899151802126337,422,1519,9008769
1337,702684942141153280,999,3073,9008769
1338,702671118226825216,529,2080,9008769
1339,702598099714314240,3234,11627,9008769
1340,702539513671897089,906,2748,9008769
1341,702332542343577600,1449,3008,9008769
1342,702321140488925184,986,3126,9008769
1343,702276748847800320,722,2343,9008769
1344,702217446468493312,1265,4539,9008769
1345,701981390485725185,921,3275,9008769
1346,701952816642965504,967,3652,9008769
1347,701889187134500865,1300,3361,9008769
1348,701805642395348998,1573,3242,9008769
1349,701601587219795968,429,1993,9008769
1350,701570477911896070,875,2678,9008769
1351,701545186879471618,576,2532,9008769
1352,701214700881756160,4797,11597,9008769
1353,700890391244103680,532,2116,9008769
1354,700864154249383937,589,2471,9008769
1355,700847567345688576,470,2343,9008769
1356,700796979434098688,884,2321,9008769
1357,700747788515020802,8734,21644,9008769
1358,700518061187723268,749,2482,9008769
1359,700505138482569216,543,2175,9008769
1360,700462010979500032,1681,3909,9008769
1361,700167517596164096,685,2501,9008769
1362,700151421916807169,637,2132,9008769
1363,700143752053182464,2544,7142,9008769
1364,700062718104104960,644,2513,9008769
1365,700029284593901568,545,1976,9008769
1366,700002074055016451,1258,3139,9008769
1367,699801817392291840,886,2876,9008769
1368,699788877217865730,485,2126,9008769
1369,699779630832685056,1161,2591,9008769
1370,699775878809702401,570,1864,9008769
1371,699691744225525762,4322,9753,9008769
1372,699446877801091073,2476,5671,9008769
1373,699434518667751424,482,2075,9008769
1374,699423671849451520,303,1292,9008769
1375,699413908797464576,592,1979,9008769
1376,699370870310113280,408,1801,9008769
1377,699323444782047232,813,2994,9008769
1378,699088579889332224,590,2149,9008769
1379,699079609774645248,607,2329,9008769
1380,699072405256409088,1120,2810,9008769
1381,699060279947165696,1689,3548,9008769
1382,699036661657767936,1134,2479,9008769
1383,698989035503689728,913,3168,9008769
1384,698953797952008193,855,2547,9008769
1385,698907974262222848,576,2403,9008769
1386,698710712454139905,639,2348,9008769
1387,698703483621523456,350,1373,9008769
1388,698635131305795584,323,1230,9008769
1389,698549713696649216,587,2212,9008769
1390,698355670425473025,418,1753,9008769
1391,698342080612007937,905,2146,9008769
1392,698262614669991936,1870,4536,9008769
1393,698195409219559425,5625,15962,9008769
1394,698178924120031232,699,2677,9008769
1395,697995514407682048,320,1448,9008769
1396,697990423684476929,1212,3119,9008770
1397,697943111201378304,638,2271,9008770
1398,697881462549430272,1095,2867,9008770
1399,697630435728322560,516,1651,9008770
1400,697616773278015490,947,2968,9008770
1401,697596423848730625,1179,2860,9008770
1402,697575480820686848,477,1942,9008770
1403,697516214579523584,1039,1929,9008770
1404,697482927769255936,632,2308,9008770
1405,697463031882764288,1319,3253,9008770
1406,697270446429966336,1769,4488,9008770
1407,697259378236399616,939,3130,9008770
1408,697255105972801536,1092,2913,9008770
1409,697242256848379904,637,2406,9008770
1410,696900204696625153,971,3007,9008770
1411,696894894812565505,642,2227,9008770
1412,696886256886657024,1685,4596,9008770
1413,696877980375769088,668,2327,9008770
1414,696754882863349760,336,1409,9008770
1415,696744641916489729,871,1955,9008770
1416,696713835009417216,611,2249,9008770
1417,696518437233913856,1628,3722,9008770
1418,696490539101908992,134,1158,9008770
1419,696488710901260288,961,2384,9008770
1420,696405997980676096,1086,3041,9008770
1421,696100768806522880,614,1836,9008770
1422,695816827381944320,1081,2858,9008770
1423,695794761660297217,729,3011,9008770
1424,695767669421768709,693,1761,9008770
1425,695629776980148225,1964,4328,9008770
1426,695446424020918272,1711,4200,9008770
1427,695409464418041856,3372,8242,9008770
1428,695314793360662529,1353,3438,9008770
1429,695095422348574720,576,2521,9008770
1430,695074328191332352,1031,2690,9008770
1431,695064344191721472,549,1521,9008770
1432,695051054296211456,747,2513,9008770
1433,694925794720792577,861,2564,9008770
1434,694905863685980160,878,2616,9008770
1435,694669722378485760,13491,34020,9008770
1436,694356675654983680,268,1427,9008770
1437,694352839993344000,571,1931,9008770
1438,694342028726001664,455,1508,9008770
1439,694329668942569472,472,1892,9008770
1440,694206574471057408,1918,3935,9008770
1441,694183373896572928,875,2796,9008770
1442,694001791655137281,965,3236,9008770
1443,693993230313091072,380,1794,9008770
1444,693942351086120961,343,1668,9008770
1445,693647888581312512,548,2554,9008770
1446,693644216740769793,118,1294,9008770
1447,693642232151285760,393,2427,9008770
1448,693629975228977152,749,2336,9008770
1449,693622659251335168,352,1462,9008770
1450,693590843962331137,1846,4806,9008770
1451,693582294167244802,235,1567,9008770
1452,693486665285931008,594,1682,9008770
1453,693280720173801472,1171,3186,9008770
1454,693267061318012928,763,2263,9008770
1455,693262851218264065,467,2095,9008770
1456,693231807727280129,697,2743,9008770
1457,693155686491000832,3013,7501,9008770
1458,693109034023534592,572,1624,9008770
1459,693095443459342336,428,1769,9008770
1460,692919143163629568,716,2553,9008770
1461,692905862751522816,821,2307,9008770
1462,692901601640583168,564,1668,9008770
1463,692894228850999298,742,2148,9008770
1464,692828166163931137,834,2736,9008770
1465,692752401762250755,3424,6477,9008770
1466,692568918515392513,1454,4143,9008770
1467,692535307825213440,1280,3001,9008770
1468,692530551048294401,386,1756,9008770
1469,692423280028966913,208,1399,9008770
1470,692417313023332352,3248,8892,9008770
1471,692187005137076224,771,2408,9008770
1472,692158366030913536,748,2036,9008770
1473,692142790915014657,366,1560,9008770
1474,692041934689402880,1183,3229,9008770
1475,692017291282812928,897,2748,9008770
1476,691820333922455552,1548,3772,9008770
1477,691793053716221953,3974,7724,9008770
1478,691756958957883396,927,2687,9008770
1479,691675652215414786,475,1854,9008770
1480,691483041324204033,526,2275,9008770
1481,691459709405118465,1068,3842,9008770
1482,691444869282295808,791,2503,9008770
1483,691416866452082688,7178,18378,9008770
1484,691321916024623104,622,2459,9008770
1485,691096613310316544,832,2842,9008770
1486,691090071332753408,317,1644,9008770
1487,690989312272396288,2704,5619,9008770
1488,690959652130045952,1153,3400,9008770
1489,690938899477221376,1821,3884,9008770
1490,690932576555528194,949,3116,9008770
1491,690735892932222976,1196,3602,9008770
1492,690728923253055490,486,2062,9008770
1493,690690673629138944,775,2221,9008770
1494,690649993829576704,256,1238,9008770
1495,690607260360429569,15,287,9008770
1496,690597161306841088,571,1849,9008770
1497,690400367696297985,425,1798,9008770
1498,690374419777196032,796,3085,9008770
1499,690360449368465409,829,2523,9008770
1500,690348396616552449,482,1422,9008770
1501,690248561355657216,392,1600,9008770
1502,690021994562220032,964,2662,9008770
1503,690015576308211712,686,2368,9008770
1504,690005060500217858,1593,3493,9008770
1505,689999384604450816,343,1350,9008770
1506,689993469801164801,422,1386,9008770
1507,689977555533848577,423,1304,9008770
1508,689905486972461056,651,2335,9008770
1509,689877686181715968,1096,2884,9008770
1510,689835978131935233,708,2068,9008770
1511,689661964914655233,883,3087,9008770
1512,689659372465688576,3620,9836,9008770
1513,689623661272240129,601,2106,9008770
1514,689599056876867584,5191,11084,9008770
1515,689557536375177216,426,1957,9008770
1516,689517482558820352,1343,3232,9008770
1517,689289219123089408,876,2140,9008770
1518,689283819090870273,1036,3102,9008770
1519,689280876073582592,663,1880,9008770
1520,689275259254616065,233,1090,9008770
1521,689255633275777024,1016,2430,9008770
1522,689154315265683456,930,2937,9008770
1523,689143371370250240,471,1927,9008770
1524,688916208532455424,807,2577,9008770
1525,688908934925697024,723,1997,9008770
1526,688898160958271489,736,1992,9008770
1527,688894073864884227,644,2137,9008770
1528,688828561667567616,342,1310,9008770
1529,688804835492233216,176,915,9008770
1530,688789766343622656,626,2112,9008770
1531,688547210804498433,658,2464,9008770
1532,688519176466644993,685,2211,9008770
1533,688385280030670848,4211,8800,9008770
1534,688211956440801280,784,2138,9008770
1535,688179443353796608,551,2033,9008770
1536,688116655151435777,728,2685,9008770
1537,688064179421470721,338,1649,9008770
1538,687841446767013888,2346,5179,9008770
1539,687826841265172480,1053,2606,9008770
1540,687818504314159109,900,2359,9008770
1541,687807801670897665,675,2262,9008770
1542,687732144991551489,620,1673,9008770
1543,687704180304273409,788,2310,9008770
1544,687664829264453632,482,1843,9008770
1545,687494652870668288,542,1809,9008770
1546,687480748861947905,226,1522,9008770
1547,687476254459715584,501,1885,9008770
1548,687460506001633280,507,1960,9008770
1549,687399393394311168,580,1803,9008770
1550,687317306314240000,8633,19155,9008770
1551,687312378585812992,1786,4141,9008770
1552,687127927494963200,2126,5147,9008770
1553,687124485711986689,476,2084,9008770
1554,687109925361856513,2312,5524,9008770
1555,687102708889812993,905,2224,9008770
1556,687096057537363968,572,2131,9008770
1557,686947101016735744,3004,8210,9008770
1558,686760001961103360,1305,3341,9008770
1559,686749460672679938,1365,3299,9008770
1560,686730991906516992,1133,3926,9008770
1561,686683045143953408,761,2689,9008770
1562,686618349602762752,1280,3520,9008770
1563,686606069955735556,511,1803,9008770
1564,686394059078897668,651,1653,9008770
1565,686386521809772549,829,3094,9008770
1566,686377065986265092,532,2108,9008770
1567,686358356425093120,620,2063,9008770
1568,686286779679375361,1577,3830,9008770
1569,686050296934563840,686,2119,9008770
1570,686035780142297088,111,1092,9008770
1571,686034024800862208,1073,2932,9008770
1572,686007916130873345,380,2353,9008770
1573,686003207160610816,581,1738,9008770
1574,685973236358713344,489,1994,9008770
1575,685943807276412928,553,1550,9008770
1576,685906723014619143,2686,7105,9008770
1577,685681090388975616,116,1946,9008770
1578,685667379192414208,526,2238,9008770
1579,685663452032069632,1378,3059,9008770
1580,685641971164143616,720,2769,9008770
1581,685547936038666240,14623,31261,9008770
1582,685532292383666176,1087,2890,9008770
1583,685325112850124800,3720,8958,9008770
1584,685321586178670592,594,2515,9008770
1585,685315239903100929,977,3128,9008770
1586,685307451701334016,412,1981,9008770
1587,685268753634967552,1122,2944,9008770
1588,685198997565345792,623,2220,9008770
1589,685169283572338688,1338,3907,9008770
1590,684969860808454144,343,2271,9008770
1591,684959798585110529,2934,6458,9008770
1592,684940049151070208,976,3043,9008770
1593,684926975086034944,440,3331,9008770
1594,684914660081053696,1368,3335,9008770
1595,684902183876321280,494,1778,9008770
1596,684880619965411328,757,1986,9008770
1597,684830982659280897,20415,33265,9008770
1598,684800227459624960,939,2589,9008770
1599,684594889858887680,3289,8453,9008770
1600,684588130326986752,1327,3907,9008770
1601,684567543613382656,1137,2852,9008770
1602,684538444857667585,893,2511,9009146
1603,684481074559381504,1111,3692,9008770
1604,684460069371654144,524,1878,9008770
1605,684241637099323392,3072,7701,9009146
1606,684225744407494656,192,1183,9008770
1607,684222868335505415,1279,3633,9008770
1608,684200372118904832,983,2044,9008770
1609,684195085588783105,476,1815,9008770
1610,684188786104872960,1091,3328,9008770
1611,684177701129875456,619,1918,9008770
1612,684147889187209216,1424,2834,9008770
1613,684122891630342144,442,1905,9008770
1614,684097758874210310,1346,3916,9008770
1615,683857920510050305,1053,3626,9008770
1616,683852578183077888,327,1850,9008770
1617,683849932751646720,890,2477,9008770
1618,683834909291606017,1057,2500,9008770
1619,683828599284170753,999,2666,9008770
1620,683773439333797890,1263,3173,9008770
1621,683742671509258241,3119,6135,9008770
1622,683515932363329536,2714,6967,9008770
1623,683498322573824003,914,3017,9008770
1624,683481228088049664,943,2537,9008770
1625,683462770029932544,638,2303,9008770
1626,683449695444799489,1504,3674,9008770
1627,683391852557561860,2251,7259,9008770
1628,683357973142474752,856,2753,9008770
1629,683142553609318400,982,2731,9008770
1630,683111407806746624,854,3235,9008770
1631,683098815881154561,614,2068,9008770
1632,683078886620553216,534,1898,9009146
1633,683030066213818368,700,2051,9008770
1634,682962037429899265,15399,34814,9008770
1635,682808988178739200,158,1689,9008770
1636,682788441537560576,1050,2357,9008770
1637,682750546109968385,409,1441,9008770
1638,682697186228989953,342,1253,9008770
1639,682662431982772225,1019,2892,9008770
1640,682638830361513985,559,1963,9008770
1641,682429480204398592,1083,3260,9008770
1642,682406705142087680,1651,7181,9008770
1643,682393905736888321,620,2128,9008770
1644,682389078323662849,442,1589,9008770
1645,682303737705140231,916,2912,9008770
1646,682259524040966145,1116,3927,9008770
1647,682242692827447297,1076,3061,9008770
1648,682088079302213632,9220,17267,9008770
1649,682059653698686977,1576,4674,9008770
1650,682047327939461121,878,3035,9008770
1651,682032003584274432,1867,6229,9008770
1652,682003177596559360,1421,2951,9008770
1653,681981167097122816,959,2660,9008770
1654,681891461017812993,768,2340,9008770
1655,681694085539872773,3812,12161,9008770
1656,681679526984871937,414,1679,9008771
1657,681654059175129088,847,2491,9008771
1658,681610798867845120,438,1799,9008771
1659,681579835668455424,1216,3356,9008771
1660,681523177663676416,5389,13516,9008771
1661,681340665377193984,255,1561,9008771
1662,681339448655802368,3826,8817,9008771
1663,681320187870711809,691,2505,9008771
1664,681302363064414209,1701,3725,9008771
1665,681297372102656000,888,3051,9008771
1666,681281657291280384,1030,3063,9008771
1667,681261549936340994,247,1376,9008771
1668,681242418453299201,492,1410,9008771
1669,681231109724700672,457,2291,9008771
1670,681193455364796417,1385,3506,9008771
1671,680970795137544192,610,2284,9008771
1672,680959110691590145,1874,4354,9008771
1673,680940246314430465,974,3024,9008771
1674,680934982542561280,408,1982,9008771
1675,680913438424612864,580,2288,9008771
1676,680889648562991104,346,1671,9008771
1677,680836378243002368,1244,3275,9008771
1678,680805554198020098,625,2037,9008771
1679,680801747103793152,764,2251,9008771
1680,680798457301471234,966,2688,9008771
1681,680609293079592961,651,2493,9008771
1682,680583894916304897,1241,3427,9009147
1683,680497766108381184,1798,3999,9008771
1684,680494726643068929,455,1626,9008771
1685,680473011644985345,708,2409,9008771
1686,680440374763077632,467,1374,9008771
1687,680221482581123072,277,1412,9008771
1688,680206703334408192,1095,2693,9008771
1689,680191257256136705,469,2039,9008771
1690,680176173301628928,1448,3680,9008771
1691,680161097740095489,692,2211,9008771
1692,680145970311643136,1631,3429,9008771
1693,680130881361686529,883,2177,9008771
1694,680115823365742593,855,2577,9008771
1695,680100725817409536,1296,3412,9008771
1696,680085611152338944,8439,12130,9008771
1697,680070545539371008,807,2448,9008771
1698,679877062409191424,606,1872,9008771
1699,679872969355714560,622,2086,9008771
1700,679862121895714818,577,2327,9008771
1701,679854723806179328,1152,2703,9008771
1702,679844490799091713,709,2256,9008771
1703,679828447187857408,13080,34206,9008771
1704,679777920601223168,1027,2945,9008771
1705,679736210798047232,742,1979,9008771
1706,679729593985699840,780,2053,9008771
1707,679722016581222400,441,1580,9008771
1708,679530280114372609,1953,4512,9008771
1709,679527802031484928,680,2494,9008771
1710,679511351870550016,1179,3169,9008771
1711,679503373272485890,1370,2996,9008771
1712,679475951516934144,602,1981,9008771
1713,679462823135686656,17529,29715,9008771
1714,679405845277462528,1114,2238,9008771
1715,679158373988876288,7499,20009,9008771
1716,679148763231985668,965,2635,9008771
1717,679132435750195208,1077,2799,9008771
1718,679111216690831360,2416,5610,9008771
1719,679062614270468097,7488,15967,9008771
1720,679047485189439488,611,2119,9008771
1721,679001094530465792,1140,2686,9008771
1722,678991772295516161,1071,2143,9008771
1723,678969228704284672,423,1546,9008771
1724,678800283649069056,844,2425,9008771
1725,678798276842360832,1076,3245,9008771
1726,678774928607469569,844,2650,9008771
1727,678767140346941444,1267,3318,9008771
1728,678764513869611008,434,1531,9008771
1729,678755239630127104,3041,6682,9008771
1730,678740035362037760,1547,3519,9008771
1731,678708137298427904,2267,5282,9008771
1732,678675843183484930,1361,2688,9008771
1733,678643457146150913,374,1937,9008771
1734,678446151570427904,1426,3767,9008771
1735,678424312106393600,2367,5148,9008771
1736,678410210315247616,1676,3961,9008771
1737,678399652199309312,29543,75555,9008771
1738,678396796259975168,389,1500,9008771
1739,678389028614488064,392,1758,9008771
1740,678380236862578688,842,2299,9008771
1741,678341075375947776,499,1629,9008771
1742,678334497360859136,231,1221,9008771
1743,678278586130948096,5681,10750,9008771
1744,678255464182861824,342,1495,9008771
1745,678023323247357953,349,1794,9008771
1746,678021115718029313,5843,12770,9008771
1747,677961670166224897,1574,3221,9008771
1748,677918531514703872,379,1254,9008771
1749,677895101218201600,1914,4520,9008771
1750,677716515794329600,905,2863,9008771
1751,677700003327029250,1336,3199,9008771
1752,677698403548192770,296,1157,9008771
1753,677687604918272002,783,2340,9008771
1754,677673981332312066,1395,3133,9008771
1755,677662372920729601,882,1835,9008771
1756,677644091929329666,752,1748,9008771
1757,677573743309385728,639,1998,9008771
1758,677565715327688705,427,1225,9008771
1759,677557565589463040,1064,2291,9008771
1760,677547928504967168,3418,6495,9008771
1761,677530072887205888,212,994,9008771
1762,677335745548390400,1616,2852,9008771
1763,677334615166730240,261,1266,9008771
1764,677331501395156992,217,1018,9008771
1765,677328882937298944,1403,3435,9008771
1766,677314812125323265,488,1553,9008771
1767,677301033169788928,369,1150,9008771
1768,677269281705472000,657,1851,9008771
1769,677228873407442944,1514,3329,9008771
1770,677187300187611136,843,2561,9008771
1771,676975532580409345,988,2601,9008771
1772,676957860086095872,751,2092,9008728
1773,676949632774234114,367,1228,9008728
1774,676948236477857792,798,2016,9008728
1775,676946864479084545,339,1625,9008728
1776,676942428000112642,691,1940,9008728
1777,676936541936185344,4586,11949,9008728
1778,676916996760600576,1681,2781,9008728
1779,676897532954456065,670,2109,9008728
1780,676864501615042560,651,1957,9008728
1781,676821958043033607,14297,21373,9008728
1782,676819651066732545,615,1701,9008728
1783,676811746707918848,396,1349,9008728
1784,676776431406465024,1871,4673,9008728
1785,676617503762681856,884,2703,9008728
1786,676613908052996102,184,1021,9008728
1787,676606785097199616,403,1782,9008728
1788,676603393314578432,355,1082,9009160
1789,676593408224403456,1981,4262,9008728
1790,676590572941893632,115,862,9008728
1791,676588346097852417,724,2148,9008728
1792,676582956622721024,253,1108,9008728
1793,676575501977128964,1036,2404,9008728
1794,676533798876651520,514,1755,9008728
1795,676496375194980353,489,1423,9008728
1796,676470639084101634,4329,10874,9008728
1797,676440007570247681,613,1610,9008728
1798,676430933382295552,315,1303,9008728
1799,676263575653122048,501,1956,9008728
1800,676237365392908289,259,1128,9008728
1801,676219687039057920,28606,71465,9008728
1802,676215927814406144,530,1620,9008728
1803,676191832485810177,956,2116,9008728
1804,676146341966438401,615,1803,9008728
1805,676121918416756736,1075,2017,9008728
1806,676101918813499392,1082,2650,9008728
1807,676098748976615425,1299,2773,9008728
1808,676089483918516224,406,1222,9008728
1809,675898130735476737,522,1503,9008728
1810,675891555769696257,786,1979,9008728
1811,675888385639251968,873,2200,9008728
1812,675878199931371520,1292,3880,9008728
1813,675870721063669760,519,1518,9008728
1814,675853064436391936,1181,2509,9008728
1815,675849018447167488,129,886,9008728
1816,675845657354215424,803,2116,9008728
1817,675822767435051008,493,1420,9008728
1818,675820929667219457,220,980,9008728
1819,675798442703122432,3154,9578,9008728
1820,675781562965868544,429,1498,9008728
1821,675740360753160193,309,1095,9008728
1822,675710890956750848,752,1742,9008728
1823,675707330206547968,627,1838,9008728
1824,675706639471788032,88,604,9008728
1825,675534494439489536,376,1717,9008728
1826,675531475945709568,347,1103,9008728
1827,675522403582218240,258,965,9008728
1828,675517828909424640,427,1199,9008728
1829,675501075957489664,5388,15991,9008728
1830,675497103322386432,1185,2903,9008728
1831,675489971617296384,545,1191,9008728
1832,675483430902214656,888,1709,9008728
1833,675432746517426176,527,1402,9008728
1834,675372240448454658,477,1567,9008728
1835,675362609739206656,204,981,9008728
1836,675354435921575936,15350,30218,9008728
1837,675349384339542016,2076,3637,9008728
1838,675334060156301312,1181,2560,9008728
1839,675166823650848770,1436,3282,9008728
1840,675153376133427200,2342,5769,9008728
1841,675149409102012420,1556,3456,9008728
1842,675147105808306176,211,870,9008728
1843,675146535592706048,266,1092,9008729
1844,675145476954566656,818,1971,9008729
1845,675135153782571009,428,1206,9008729
1846,675113801096802304,714,1794,9008729
1847,675111688094527488,223,887,9008729
1848,675109292475830276,1031,2595,9008729
1849,675047298674663426,292,974,9008729
1850,675015141583413248,1084,2496,9008729
1851,675006312288268288,206,898,9008729
1852,675003128568291329,427,1436,9008729
1853,674999807681908736,1003,2064,9008729
1854,674805413498527744,329,787,9008729
1855,674800520222154752,778,2774,9008729
1856,674793399141146624,995,2301,9008729
1857,674790488185167872,227,1020,9008729
1858,674788554665512960,188,741,9008729
1859,674781762103414784,1088,1852,9008729
1860,674774481756377088,429,1015,9008729
1861,674767892831932416,714,1675,9008729
1862,674764817387900928,209,722,9008729
1863,674754018082705410,401,1261,9008729
1864,674752233200820224,420,1350,9008729
1865,674743008475090944,493,1292,9008729
1866,674742531037511680,46,441,9008729
1867,674739953134403584,346,1003,9008729
1868,674737130913071104,81,596,9008729
1869,674690135443775488,429,1058,9008729
1870,674670581682434048,592,1495,9008729
1871,674664755118911488,218,841,9008729
1872,674646392044941312,441,1320,9008729
1873,674644256330530816,255,959,9008729
1874,674638615994089473,537,1553,9008729
1875,674632714662858753,520,1385,9008729
1876,674606911342424069,89,861,9008729
1877,674468880899788800,1851,5748,9008729
1878,674447403907457024,323,982,9008729
1879,674436901579923456,357,1025,9008729
1880,674422304705744896,491,1327,9008729
1881,674416750885273600,124,636,9008729
1882,674410619106390016,420,1107,9008729
1883,674394782723014656,518,1382,9008729
1884,674372068062928900,287,792,9008729
1885,674330906434379776,69,529,9008729
1886,674318007229923329,468,1299,9009161
1887,674307341513269249,6282,10469,9008729
1888,674291837063053312,5327,13574,9008729
1889,674271431610523648,669,1436,9008729
1890,674269164442398721,209,843,9008729
1891,674265582246694913,766,1506,9008729
1892,674262580978937856,408,1215,9008729
1893,674255168825880576,492,1342,9008729
1894,674082852460433408,149,707,9008729
1895,674075285688614912,257,921,9008729
1896,674063288070742018,1977,5890,9008729
1897,674053186244734976,1177,3047,9008729
1898,674051556661161984,447,1339,9008729
1899,674045139690631169,580,1300,9008729
1900,674042553264685056,115,660,9008729
1901,674038233588723717,382,1012,9008729
1902,674036086168010753,185,789,9008729
1903,674024893172875264,1116,1636,9008729
1904,674019345211760640,273,1048,9008729
1905,674014384960745472,581,1440,9008729
1906,674008982932058114,319,1112,9008729
1907,673956914389192708,874,1806,9008729
1908,673919437611909120,337,1083,9008729
1909,673906403526995968,1498,2936,9008729
1910,673887867907739649,231,868,9008729
1911,673716320723169284,689,2852,9008729
1912,673715861853720576,1870,3250,9008729
1913,673711475735838725,273,963,9008729
1914,673709992831262724,242,777,9008729
1915,673708611235921920,261,987,9008729
1916,673707060090052608,356,1018,9008729
1917,673705679337693185,370,1160,9008729
1918,673700254269775872,519,1319,9008729
1919,673697980713705472,1757,3634,9008729
1920,673689733134946305,592,1599,9008729
1921,673688752737402881,449,1163,9008729
1922,673686845050527744,391,1321,9008729
1923,673680198160809984,425,1260,9008729
1924,673662677122719744,338,1160,9008729
1925,673656262056419329,210,667,9008729
1926,673636718965334016,331,1022,9008729
1927,673612854080196609,651,1469,9008730
1928,673583129559498752,325,1104,9008730
1929,673580926094458881,249,766,9008730
1930,673576835670777856,507,1269,9008730
1931,673363615379013632,275,951,9008730
1932,673359818736984064,613,1328,9008730
1933,673355879178194945,516,1384,9008730
1934,673352124999274496,487,1536,9008730
1935,673350198937153538,192,702,9008730
1936,673345638550134785,1147,2301,9008730
1937,673343217010679808,245,891,9008730
1938,673342308415348736,514,1177,9008730
1939,673320132811366400,7104,12346,9008730
1940,673317986296586240,226,811,9008730
1941,673295268553605120,2857,6926,9008730
1942,673270968295534593,328,985,9008730
1943,673240798075449344,638,1310,9008730
1944,673213039743795200,760,2046,9008730
1945,673148804208660480,566,1548,9008730
1946,672997845381865473,645,1810,9008730
1947,672995267319328768,266,871,9008730
1948,672988786805112832,264,902,9008730
1949,672984142909456390,496,1153,9008730
1950,672980819271634944,919,1674,9008730
1951,672975131468300288,815,1543,9008730
1952,672970152493887488,324,869,9008730
1953,672968025906282496,492,1223,9008730
1954,672964561327235073,581,1296,9008730
1955,672902681409806336,447,1262,9008730
1956,672898206762672129,379,824,9008730
1957,672884426393653248,763,1411,9008730
1958,672877615439593473,323,940,9008730
1959,672834301050937345,521,1197,9008730
1960,672828477930868736,441,1138,9008730
1961,672640509974827008,286,903,9008730
1962,672622327801233409,436,1184,9008730
1963,672614745925664768,529,1119,9008730
1964,672609152938721280,352,1005,9008730
1965,672604026190569472,358,1006,9008730
1966,672594978741354496,553,1217,9008730
1967,672591762242805761,301,872,9008730
1968,672591271085670400,170,661,9008730
1969,672538107540070400,326,932,9008730
1970,672523490734551040,151,569,9008730
1971,672488522314567680,394,1023,9008730
1972,672482722825261057,540,1030,9008730
1973,672481316919734272,119,665,9008730
1974,672475084225949696,635,1328,9008730
1975,672466075045466113,474,1241,9008730
1976,672272411274932228,3053,5918,9008730
1977,672267570918129665,554,1361,9008730
1978,672264251789176834,305,1038,9008730
1979,672256522047614977,1378,2600,9008730
1980,672254177670729728,677,1310,9008730
1981,672248013293752320,539,1585,9008730
1982,672245253877968896,141,624,9008730
1983,672239279297454080,289,827,9008730
1984,672231046314901505,916,1671,9008730
1985,672222792075620352,187,721,9008730
1986,672205392827572224,1039,2065,9008730
1987,672169685991993344,332,937,9008730
1988,672160042234327040,319,802,9008730
1989,672139350159835138,627,1598,9008730
1990,672125275208069120,1030,2181,9008730
1991,672095186491711488,336,906,9008730
1992,672082170312290304,332,865,9008730
1993,672068090318987265,464,1179,9008730
1994,671896809300709376,3785,7819,9008730
1995,671891728106971137,510,1204,9008730
1996,671882082306625538,1258,3211,9008730
1997,671879137494245376,599,1293,9008730
1998,671874878652489728,499,1145,9008730
1999,671866342182637568,439,1030,9008730
2000,671855973984772097,390,824,9008730
2001,671789708968640512,3124,6508,9008730
2002,671768281401958400,448,1091,9008730
2003,671763349865160704,813,1534,9008730
2004,671744970634719232,696,1246,9008730
2005,671743150407421952,213,691,9008730
2006,671735591348891648,680,1326,9008730
2007,671729906628341761,3939,7782,9008730
2008,671561002136281088,6547,11729,9008730
2009,671550332464455680,189,836,9008730
2010,671547767500775424,529,1240,9008730
2011,671544874165002241,933,1793,9008730
2012,671542985629241344,506,992,9008730
2013,671538301157904385,347,854,9008730
2014,671536543010570240,367,1076,9008730
2015,671533943490011136,522,926,9008730
2016,671528761649688577,232,771,9008730
2017,671520732782923777,478,1270,9008730
2018,671518598289059840,267,858,9008730
2019,671511350426865664,630,1459,9008730
2020,671504605491109889,3248,6426,9008730
2021,671497587707535361,411,849,9008730
2022,671488513339211776,433,916,9008730
2023,671486386088865792,179,526,9008730
2024,671485057807351808,212,701,9008730
2025,671390180817915904,674,1313,9008730
2026,671362598324076544,269,1016,9008730
2027,671357843010908160,141,363,9008730
2028,671355857343524864,109,444,9008730
2029,671347597085433856,382,870,9008730
2030,671186162933985280,188,660,9008730
2031,671182547775299584,301,1011,9008730
2032,671166507850801152,311,799,9008730
2033,671163268581498880,1001,1498,9008730
2034,671159727754231808,72,323,9008730
2035,671154572044468225,197,646,9008730
2036,671151324042559489,137,603,9008730
2037,671147085991960577,200,603,9008730
2038,671141549288370177,591,1056,9008730
2039,671138694582165504,363,841,9008730
2040,671134062904504320,171,674,9008730
2041,671122204919246848,2273,3181,9008730
2042,671115716440031232,702,1249,9008730
2043,671109016219725825,394,1049,9008730
2044,670995969505435648,260,1005,9008730
2045,670842764863651840,7830,22683,9008730
2046,670840546554966016,172,535,9008730
2047,670838202509447168,619,1015,9008730
2048,670833812859932673,113,393,9008730
2049,670832455012716544,194,666,9008730
2050,670826280409919488,3641,5032,9009162
2051,670823764196741120,168,700,9008730
2052,670822709593571328,87,555,9008730
2053,670815497391357952,1382,2881,9008730
2054,670811965569282048,242,1029,9008730
2055,670807719151067136,444,1075,9008730
2056,670804601705242624,859,1794,9008730
2057,670803562457407488,81,312,9008730
2058,670797304698376195,211,676,9008730
2059,670792680469889025,244,754,9008730
2060,670789397210615808,217,605,9008730
2061,670786190031921152,182,547,9008730
2062,670783437142401025,346,759,9008730
2063,670782429121134593,694,1407,9008730
2064,670780561024270336,261,724,9008730
2065,670778058496974848,65,306,9008730
2066,670764103623966721,387,993,9009162
2067,670755717859713024,95,400,9008730
2068,670733412878163972,463,880,9008730
2069,670727704916926465,324,760,9008730
2070,670717338665226240,434,1093,9008731
2071,670704688707301377,334,710,9008731
2072,670691627984359425,218,536,9008731
2073,670679630144274432,254,683,9008731
2074,670676092097810432,37,224,9008731
2075,670668383499735048,4487,9758,9008731
2076,670474236058800128,667,1382,9008731
2077,670468609693655041,80,328,9008731
2078,670465786746662913,492,889,9008731
2079,670452855871037440,183,504,9008731
2080,670449342516494336,583,1104,9008731
2081,670444955656130560,1791,6213,9008731
2082,670442337873600512,182,592,9008731
2083,670435821946826752,460,972,9008731
2084,670434127938719744,582,1298,9008731
2085,670433248821026816,103,302,9008731
2086,670428280563085312,553,1280,9008731
2087,670427002554466305,146,481,9008731
2088,670421925039075328,576,1195,9008731
2089,670420569653809152,279,562,9008731
2090,670417414769758208,294,518,9008731
2091,670411370698022913,810,1850,9008731
2092,670408998013820928,197,501,9008731
2093,670403879788544000,136,391,9008731
2094,670385711116361728,184,509,9008731
2095,670374371102445568,247,687,9008731
2096,670361874861563904,59,301,9009163
2097,670338931251150849,101,396,9008731
2098,670319130621435904,1103,3575,9008731
2099,670303360680108032,118,401,9008731
2100,670290420111441920,259,638,9008731
2101,670093938074779648,298,943,9008731
2102,670086499208155136,226,637,9008731
2103,670079681849372674,1098,2031,9008731
2104,670073503555706880,704,1422,9008731
2105,670069087419133954,214,569,9008731
2106,670061506722140161,300,687,9008731
2107,670055038660800512,291,610,9008731
2108,670046952931721218,159,593,9008731
2109,670040295598354432,101,687,9008731
2110,670037189829525505,249,539,9008731
2111,670003130994700288,83,303,9008731
2112,669993076832759809,74,297,9008731
2113,669972011175813120,138,409,9008731
2114,669970042633789440,49,278,9008731
2115,669942763794931712,143,459,9008731
2116,669926384437997569,87,349,9008731
2117,669923323644657664,53,212,9008731
2118,669753178989142016,357,731,9008731
2119,669749430875258880,60,234,9008731
2120,669684865554620416,79,461,9008731
2121,669683899023405056,98,348,9008731
2122,669682095984410625,123,320,9008731
2123,669680153564442624,258,607,9008731
2124,669661792646373376,383,737,9008731
2125,669625907762618368,1631,3225,9008731
2126,669603084620980224,331,874,9008731
2127,669597912108789760,138,466,9008731
2128,669583744538451968,839,1363,9008731
2129,669573570759163904,126,399,9008731
2130,669571471778410496,918,1460,9008731
2131,669567591774625800,47,212,9008731
2132,669564461267722241,108,354,9008731
2133,669393256313184256,65,323,9008731
2134,669375718304980992,651,1212,9008731
2135,669371483794317312,157,448,9008732
2136,669367896104181761,138,418,9008732
2137,669363888236994561,207,570,9008732
2138,669359674819481600,110,340,9008732
2139,669354382627049472,1144,2468,9008732
2140,669353438988365824,234,575,9008732
2141,669351434509529089,166,397,9008732
2142,669328503091937280,381,931,9008732
2143,669327207240699904,111,522,9008731
2144,669324657376567296,191,454,9008731
2145,669216679721873412,362,1090,9008731
2146,669214165781868544,142,397,9008730
2147,669203728096960512,421,918,9008730
2148,669037058363662336,278,594,9008730
2149,669015743032369152,333,672,9008730
2150,669006782128353280,219,529,9008730
2151,669000397445533696,5708,19180,9008730
2152,668994913074286592,203,395,9008730
2153,668992363537309700,305,672,9008730
2154,668989615043424256,300,613,9008730
2155,668988183816871936,411,826,9008730
2156,668986018524233728,147,500,9008730
2157,668981893510119424,273,497,9008730
2158,668979806671884288,309,726,9008730
2159,668975677807423489,523,1186,9008730
2160,668967877119254528,21,131,9008730
2161,668960084974809088,222,642,9008730
2162,668955713004314625,65,248,9008730
2163,668932921458302977,53,233,9008730
2164,668902994700836864,91,289,9008730
2165,668892474547511297,132,366,9008730
2166,668872652652679168,274,488,9008730
2167,668852170888998912,145,417,9008730
2168,668826086256599040,118,390,9008730
2169,668815180734689280,234,512,9008730
2170,668779399630725120,336,653,9008730
2171,668655139528511488,197,485,9008730
2172,668645506898350081,475,805,9008730
2173,668643542311546881,464,803,9008730
2174,668641109086707712,485,975,9008730
2175,668636665813057536,448,945,9008730
2176,668633411083464705,1433,2550,9008730
2177,668631377374486528,288,649,9008730
2178,668627278264475648,100,288,9008730
2179,668625577880875008,114,348,9008730
2180,668623201287675904,672,1288,9008730
2181,668620235289837568,36,187,9008730
2182,668614819948453888,285,565,9008730
2183,668587383441514497,969,1534,9008730
2184,668567822092664832,49,219,9008730
2185,668544745690562560,203,466,9008730
2186,668542336805281792,189,415,9008730
2187,668537837512433665,63,233,9008730
2188,668528771708952576,198,422,9008730
2189,668507509523615744,94,295,9008730
2190,668496999348633600,118,371,9008730
2191,668484198282485761,214,382,9008730
2192,668480044826800133,131,414,9008730
2193,668466899341221888,462,805,9008730
2194,668297328638447616,266,571,9008730
2195,668291999406125056,29,221,9008730
2196,668286279830867968,124,458,9008730
2197,668274247790391296,209,748,9008730
2198,668268907921326080,211,501,9008730
2199,668256321989451776,538,1188,9008730
2200,668248472370458624,421,868,9008730
2201,668237644992782336,2536,5631,9008730
2202,668226093875376128,90,263,9008730
2203,668221241640230912,177,464,9008730
2204,668204964695683073,177,510,9008730
2205,668190681446379520,179,593,9008730
2206,668171859951755264,167,441,9008730
2207,668154635664932864,282,456,9008730
2208,668142349051129856,253,527,9008730
2209,668113020489474048,213,610,9008730
2210,667937095915278337,720,1137,9008730
2211,667924896115245057,98,272,9008730
2212,667915453470232577,49,192,9008730
2213,667911425562669056,260,447,9008730
2214,667902449697558528,347,787,9008730
2215,667886921285246976,958,1705,9008730
2216,667885044254572545,418,752,9008730
2217,667878741721415682,106,363,9008730
2218,667873844930215936,365,572,9008730
2219,667866724293877760,928,2790,9008730
2220,667861340749471744,73,227,9008730
2221,667832474953625600,56,268,9008730
2222,667806454573760512,443,964,9008730
2223,667801013445750784,83,294,9008730
2224,667793409583771648,302,635,9008730
2225,667782464991965184,221,374,9008730
2226,667773195014021121,46,212,9008730
2227,667766675769573376,197,390,9008730
2228,667728196545200128,134,337,9008730
2229,667724302356258817,284,438,9008730
2230,667550904950915073,29,0,9008730
2231,667550882905632768,26,0,9008730
2232,667549055577362432,2023,5253,9008730
2233,667546741521195010,114,311,9008730
2234,667544320556335104,478,786,9008730
2235,667538891197542400,59,186,9008730
2236,667534815156183040,470,741,9008730
2237,667530908589760512,218,425,9008730
2238,667524857454854144,1008,1547,9008730
2239,667517642048163840,174,340,9008730
2240,667509364010450944,1912,6234,9008730
2241,667502640335572993,200,499,9008730
2242,667495797102141441,238,475,9008730
2243,667491009379606528,199,473,9008730
2244,667470559035432960,88,231,9008730
2245,667455448082227200,55,177,9008730
2246,667453023279554560,79,288,9008730
2247,667443425659232256,518,701,9008730
2248,667437278097252352,212,411,9008730
2249,667435689202614272,79,280,9008730
2250,667405339315146752,201,426,9008730
2251,667393430834667520,51,174,9008730
2252,667369227918143488,149,334,9008730
2253,667211855547486208,219,443,9008730
2254,667200525029539841,236,565,9008730
2255,667192066997374976,87,345,9008730
2256,667188689915760640,347,667,9008730
2257,667182792070062081,5470,12953,9008730
2258,667177989038297088,50,175,9008730
2259,667176164155375616,407,547,9008730
2260,667174963120574464,70,224,9008730
2261,667171260800061440,73,195,9008730
2262,667165590075940865,1015,2444,9008730
2263,667160273090932737,55,230,9008730
2264,667152164079423490,15071,43428,9008730
2265,667138269671505920,1951,4132,9008730
2266,667119796878725120,117,297,9008730
2267,667090893657276420,111,301,9008730
2268,667073648344346624,106,363,9008730
2269,667070482143944705,13,74,9008730
2270,667065535570550784,40,149,9008730
2271,667062181243039745,46,198,9008730
2272,667044094246576128,44,169,9008730
2273,667012601033924608,195,408,9008730
2274,666996132027977728,80,221,9008730
2275,666983947667116034,871,2314,9008730
2276,666837028449972224,486,729,9008730
2277,666835007768551424,70,190,9008730
2278,666826780179869698,81,232,9008730
2279,666817836334096384,224,461,9008730
2280,666804364988780544,79,212,9008730
2281,666786068205871104,428,678,9008730
2282,666781792255496192,171,344,9008730
2283,666776908487630848,151,311,9008730
2284,666739327293083650,60,213,9008730
2285,666701168228331520,193,385,9008730
2286,666691418707132416,43,167,9008730
2287,666649482315059201,555,1012,9008730
2288,666644823164719104,73,213,9008730
2289,666454714377183233,189,459,9008730
2290,666447344410484738,19,93,9008730
2291,666437273139982337,41,108,9008730
2292,666435652385423360,44,144,9008730
2293,666430724426358785,171,283,9008730
2294,666428276349472768,67,145,9008730
2295,666421158376562688,95,285,9008730
2296,666418789513326592,39,109,9008730
2297,666411507551481857,280,385,9008730
2298,666407126856765440,30,97,9008730
2299,666396247373291520,72,150,9008730
2300,666373753744588802,75,165,9008730
2301,666362758909284353,486,679,9008730
2302,666353288456101888,62,187,9008730
2303,666345417576210432,128,259,9008730
2304,666337882303524864,80,171,9009162
2305,666293911632134144,303,443,9008730
2306,666287406224695296,57,127,9008730
2307,666273097616637952,69,154,9008730
2308,666268910803644416,32,91,9008730
2309,666104133288665088,5655,12982,9008730
2310,666102155909144576,11,67,9008730
2311,666099513787052032,56,137,9008730
2312,666094000022159362,65,148,9008730
2313,666082916733198337,40,97,9008730
2314,666073100786774016,137,277,9008730
2315,666071193221509120,52,131,9008730
2316,666063827256086533,185,419,9008730
2317,666058600524156928,49,103,9008731
2318,666057090499244032,116,259,9008731
2319,666055525042405380,205,388,9008731
2320,666051853826850816,734,1064,9008731
2321,666050758794694657,51,119,9008731
2322,666049248165822465,37,92,9008731
2323,666044226329800704,119,253,9008731
2324,666033412701032449,38,104,9008731
2325,666029285002620928,41,116,9008731
2326,666020888022790149,439,2329,9008731
